<?xml version="1.0" encoding="UTF-8"?>

<OpenSHA>
  <FaultSectionPrefDataList>
    <i0 sectionId="0" sectionName="Alpine Jacksons to Kaniere, Subsection 0" aveLongTermSlipRate="27.0" slipRateStdDev="0.0" aveDip="50.0" aveRake="167.0" aveUpperDepth="0.0" aveLowerDepth="12.0" aseismicSlipFactor="0.0" couplingCoeff="1.0" dipDirection="144.4" parentSectionName="Alpine Jacksons to Kaniere" parentSectionId="23" connector="false" class="org.opensha.refFaultParamDb.vo.FaultSectionPrefData">
      <FaultTrace name="Alpine Jacksons to Kaniere 1">
        <Location Latitude="-44.0627" Longitude="168.7086" Depth="0.0"/>
        <Location Latitude="-44.02781681586314" Longitude="168.7905428698305" Depth="0.0"/>
      </FaultTrace>
    </i0>
    <i1 sectionId="1" sectionName="Alpine Jacksons to Kaniere, Subsection 1" aveLongTermSlipRate="27.0" slipRateStdDev="0.0" aveDip="50.0" aveRake="167.0" aveUpperDepth="0.0" aveLowerDepth="12.0" aseismicSlipFactor="0.0" couplingCoeff="1.0" dipDirection="144.4" parentSectionName="Alpine Jacksons to Kaniere" parentSectionId="23" connector="false" class="org.opensha.refFaultParamDb.vo.FaultSectionPrefData">
      <FaultTrace name="Alpine Jacksons to Kaniere 2">
        <Location Latitude="-44.02781681586314" Longitude="168.7905428698305" Depth="0.0"/>
        <Location Latitude="-43.992875138155824" Longitude="168.87238926751655" Depth="0.0"/>
      </FaultTrace>
    </i1>
    <i2 sectionId="2" sectionName="Alpine Jacksons to Kaniere, Subsection 2" aveLongTermSlipRate="27.0" slipRateStdDev="0.0" aveDip="50.0" aveRake="167.0" aveUpperDepth="0.0" aveLowerDepth="12.0" aseismicSlipFactor="0.0" couplingCoeff="1.0" dipDirection="144.4" parentSectionName="Alpine Jacksons to Kaniere" parentSectionId="23" connector="false" class="org.opensha.refFaultParamDb.vo.FaultSectionPrefData">
      <FaultTrace name="Alpine Jacksons to Kaniere 3">
        <Location Latitude="-43.992875138155824" Longitude="168.87238926751655" Depth="0.0"/>
        <Location Latitude="-43.957875107017976" Longitude="168.95413926313518" Depth="0.0"/>
      </FaultTrace>
    </i2>
    <i3 sectionId="3" sectionName="Alpine Jacksons to Kaniere, Subsection 3" aveLongTermSlipRate="27.0" slipRateStdDev="0.0" aveDip="50.0" aveRake="167.0" aveUpperDepth="0.0" aveLowerDepth="12.0" aseismicSlipFactor="0.0" couplingCoeff="1.0" dipDirection="144.4" parentSectionName="Alpine Jacksons to Kaniere" parentSectionId="23" connector="false" class="org.opensha.refFaultParamDb.vo.FaultSectionPrefData">
      <FaultTrace name="Alpine Jacksons to Kaniere 4">
        <Location Latitude="-43.957875107017976" Longitude="168.95413926313518" Depth="0.0"/>
        <Location Latitude="-43.92281686240613" Longitude="169.03579292761856" Depth="0.0"/>
      </FaultTrace>
    </i3>
    <i4 sectionId="4" sectionName="Alpine Jacksons to Kaniere, Subsection 4" aveLongTermSlipRate="27.0" slipRateStdDev="0.0" aveDip="50.0" aveRake="167.0" aveUpperDepth="0.0" aveLowerDepth="12.0" aseismicSlipFactor="0.0" couplingCoeff="1.0" dipDirection="144.4" parentSectionName="Alpine Jacksons to Kaniere" parentSectionId="23" connector="false" class="org.opensha.refFaultParamDb.vo.FaultSectionPrefData">
      <FaultTrace name="Alpine Jacksons to Kaniere 5">
        <Location Latitude="-43.92281686240613" Longitude="169.03579292761856" Depth="0.0"/>
        <Location Latitude="-43.9019" Longitude="169.0844" Depth="0.0"/>
        <Location Latitude="-43.88702742034389" Longitude="169.11677325894016" Depth="0.0"/>
      </FaultTrace>
    </i4>
    <i5 sectionId="5" sectionName="Alpine Jacksons to Kaniere, Subsection 5" aveLongTermSlipRate="27.0" slipRateStdDev="0.0" aveDip="50.0" aveRake="167.0" aveUpperDepth="0.0" aveLowerDepth="12.0" aseismicSlipFactor="0.0" couplingCoeff="1.0" dipDirection="144.4" parentSectionName="Alpine Jacksons to Kaniere" parentSectionId="23" connector="false" class="org.opensha.refFaultParamDb.vo.FaultSectionPrefData">
      <FaultTrace name="Alpine Jacksons to Kaniere 6">
        <Location Latitude="-43.88702742034389" Longitude="169.11677325894016" Depth="0.0"/>
        <Location Latitude="-43.85018907668144" Longitude="169.19680467369645" Depth="0.0"/>
      </FaultTrace>
    </i5>
    <i6 sectionId="6" sectionName="Alpine Jacksons to Kaniere, Subsection 6" aveLongTermSlipRate="27.0" slipRateStdDev="0.0" aveDip="50.0" aveRake="167.0" aveUpperDepth="0.0" aveLowerDepth="12.0" aseismicSlipFactor="0.0" couplingCoeff="1.0" dipDirection="144.4" parentSectionName="Alpine Jacksons to Kaniere" parentSectionId="23" connector="false" class="org.opensha.refFaultParamDb.vo.FaultSectionPrefData">
      <FaultTrace name="Alpine Jacksons to Kaniere 7">
        <Location Latitude="-43.85018907668144" Longitude="169.19680467369645" Depth="0.0"/>
        <Location Latitude="-43.81329495260825" Longitude="169.27673721204607" Depth="0.0"/>
      </FaultTrace>
    </i6>
    <i7 sectionId="7" sectionName="Alpine Jacksons to Kaniere, Subsection 7" aveLongTermSlipRate="27.0" slipRateStdDev="0.0" aveDip="50.0" aveRake="167.0" aveUpperDepth="0.0" aveLowerDepth="12.0" aseismicSlipFactor="0.0" couplingCoeff="1.0" dipDirection="144.4" parentSectionName="Alpine Jacksons to Kaniere" parentSectionId="23" connector="false" class="org.opensha.refFaultParamDb.vo.FaultSectionPrefData">
      <FaultTrace name="Alpine Jacksons to Kaniere 8">
        <Location Latitude="-43.81329495260825" Longitude="169.27673721204607" Depth="0.0"/>
        <Location Latitude="-43.776345188808314" Longitude="169.35657097432616" Depth="0.0"/>
      </FaultTrace>
    </i7>
    <i8 sectionId="8" sectionName="Alpine Jacksons to Kaniere, Subsection 8" aveLongTermSlipRate="27.0" slipRateStdDev="0.0" aveDip="50.0" aveRake="167.0" aveUpperDepth="0.0" aveLowerDepth="12.0" aseismicSlipFactor="0.0" couplingCoeff="1.0" dipDirection="144.4" parentSectionName="Alpine Jacksons to Kaniere" parentSectionId="23" connector="false" class="org.opensha.refFaultParamDb.vo.FaultSectionPrefData">
      <FaultTrace name="Alpine Jacksons to Kaniere 9">
        <Location Latitude="-43.776345188808314" Longitude="169.35657097432616" Depth="0.0"/>
        <Location Latitude="-43.7761" Longitude="169.3571" Depth="0.0"/>
        <Location Latitude="-43.740191785899945" Longitude="169.43705219571854" Depth="0.0"/>
      </FaultTrace>
    </i8>
    <i9 sectionId="9" sectionName="Alpine Jacksons to Kaniere, Subsection 9" aveLongTermSlipRate="27.0" slipRateStdDev="0.0" aveDip="50.0" aveRake="167.0" aveUpperDepth="0.0" aveLowerDepth="12.0" aseismicSlipFactor="0.0" couplingCoeff="1.0" dipDirection="144.4" parentSectionName="Alpine Jacksons to Kaniere" parentSectionId="23" connector="false" class="org.opensha.refFaultParamDb.vo.FaultSectionPrefData">
      <FaultTrace name="Alpine Jacksons to Kaniere 10">
        <Location Latitude="-43.740191785899945" Longitude="169.43705219571854" Depth="0.0"/>
        <Location Latitude="-43.703987664001374" Longitude="169.51744118958186" Depth="0.0"/>
      </FaultTrace>
    </i9>
    <i10 sectionId="10" sectionName="Alpine Jacksons to Kaniere, Subsection 10" aveLongTermSlipRate="27.0" slipRateStdDev="0.0" aveDip="50.0" aveRake="167.0" aveUpperDepth="0.0" aveLowerDepth="12.0" aseismicSlipFactor="0.0" couplingCoeff="1.0" dipDirection="144.4" parentSectionName="Alpine Jacksons to Kaniere" parentSectionId="23" connector="false" class="org.opensha.refFaultParamDb.vo.FaultSectionPrefData">
      <FaultTrace name="Alpine Jacksons to Kaniere 11">
        <Location Latitude="-43.703987664001374" Longitude="169.51744118958186" Depth="0.0"/>
        <Location Latitude="-43.667727272848836" Longitude="169.59773306920025" Depth="0.0"/>
      </FaultTrace>
    </i10>
    <i11 sectionId="11" sectionName="Alpine Jacksons to Kaniere, Subsection 11" aveLongTermSlipRate="27.0" slipRateStdDev="0.0" aveDip="50.0" aveRake="167.0" aveUpperDepth="0.0" aveLowerDepth="12.0" aseismicSlipFactor="0.0" couplingCoeff="1.0" dipDirection="144.4" parentSectionName="Alpine Jacksons to Kaniere" parentSectionId="23" connector="false" class="org.opensha.refFaultParamDb.vo.FaultSectionPrefData">
      <FaultTrace name="Alpine Jacksons to Kaniere 12">
        <Location Latitude="-43.667727272848836" Longitude="169.59773306920025" Depth="0.0"/>
        <Location Latitude="-43.637" Longitude="169.6656" Depth="0.0"/>
        <Location Latitude="-43.631233181061354" Longitude="169.67777077387692" Depth="0.0"/>
      </FaultTrace>
    </i11>
    <i12 sectionId="12" sectionName="Alpine Jacksons to Kaniere, Subsection 12" aveLongTermSlipRate="27.0" slipRateStdDev="0.0" aveDip="50.0" aveRake="167.0" aveUpperDepth="0.0" aveLowerDepth="12.0" aseismicSlipFactor="0.0" couplingCoeff="1.0" dipDirection="144.4" parentSectionName="Alpine Jacksons to Kaniere" parentSectionId="23" connector="false" class="org.opensha.refFaultParamDb.vo.FaultSectionPrefData">
      <FaultTrace name="Alpine Jacksons to Kaniere 13">
        <Location Latitude="-43.631233181061354" Longitude="169.67777077387692" Depth="0.0"/>
        <Location Latitude="-43.593706957302395" Longitude="169.75684589476242" Depth="0.0"/>
      </FaultTrace>
    </i12>
    <i13 sectionId="13" sectionName="Alpine Jacksons to Kaniere, Subsection 13" aveLongTermSlipRate="27.0" slipRateStdDev="0.0" aveDip="50.0" aveRake="167.0" aveUpperDepth="0.0" aveLowerDepth="12.0" aseismicSlipFactor="0.0" couplingCoeff="1.0" dipDirection="144.4" parentSectionName="Alpine Jacksons to Kaniere" parentSectionId="23" connector="false" class="org.opensha.refFaultParamDb.vo.FaultSectionPrefData">
      <FaultTrace name="Alpine Jacksons to Kaniere 14">
        <Location Latitude="-43.593706957302395" Longitude="169.75684589476242" Depth="0.0"/>
        <Location Latitude="-43.556126300610394" Longitude="169.83582238807276" Depth="0.0"/>
      </FaultTrace>
    </i13>
    <i14 sectionId="14" sectionName="Alpine Jacksons to Kaniere, Subsection 14" aveLongTermSlipRate="27.0" slipRateStdDev="0.0" aveDip="50.0" aveRake="167.0" aveUpperDepth="0.0" aveLowerDepth="12.0" aseismicSlipFactor="0.0" couplingCoeff="1.0" dipDirection="144.4" parentSectionName="Alpine Jacksons to Kaniere" parentSectionId="23" connector="false" class="org.opensha.refFaultParamDb.vo.FaultSectionPrefData">
      <FaultTrace name="Alpine Jacksons to Kaniere 15">
        <Location Latitude="-43.556126300610394" Longitude="169.83582238807276" Depth="0.0"/>
        <Location Latitude="-43.51849135024028" Longitude="169.9147003637148" Depth="0.0"/>
      </FaultTrace>
    </i14>
    <i15 sectionId="15" sectionName="Alpine Jacksons to Kaniere, Subsection 15" aveLongTermSlipRate="27.0" slipRateStdDev="0.0" aveDip="50.0" aveRake="167.0" aveUpperDepth="0.0" aveLowerDepth="12.0" aseismicSlipFactor="0.0" couplingCoeff="1.0" dipDirection="144.4" parentSectionName="Alpine Jacksons to Kaniere" parentSectionId="23" connector="false" class="org.opensha.refFaultParamDb.vo.FaultSectionPrefData">
      <FaultTrace name="Alpine Jacksons to Kaniere 16">
        <Location Latitude="-43.51849135024028" Longitude="169.9147003637148" Depth="0.0"/>
        <Location Latitude="-43.48080224520698" Longitude="169.99347993225317" Depth="0.0"/>
      </FaultTrace>
    </i15>
    <i16 sectionId="16" sectionName="Alpine Jacksons to Kaniere, Subsection 16" aveLongTermSlipRate="27.0" slipRateStdDev="0.0" aveDip="50.0" aveRake="167.0" aveUpperDepth="0.0" aveLowerDepth="12.0" aseismicSlipFactor="0.0" couplingCoeff="1.0" dipDirection="144.4" parentSectionName="Alpine Jacksons to Kaniere" parentSectionId="23" connector="false" class="org.opensha.refFaultParamDb.vo.FaultSectionPrefData">
      <FaultTrace name="Alpine Jacksons to Kaniere 17">
        <Location Latitude="-43.48080224520698" Longitude="169.99347993225317" Depth="0.0"/>
        <Location Latitude="-43.4537" Longitude="170.05" Depth="0.0"/>
        <Location Latitude="-43.44248166898923" Longitude="170.07161401389675" Depth="0.0"/>
      </FaultTrace>
    </i16>
    <i17 sectionId="17" sectionName="Alpine Jacksons to Kaniere, Subsection 17" aveLongTermSlipRate="27.0" slipRateStdDev="0.0" aveDip="50.0" aveRake="167.0" aveUpperDepth="0.0" aveLowerDepth="12.0" aseismicSlipFactor="0.0" couplingCoeff="1.0" dipDirection="144.4" parentSectionName="Alpine Jacksons to Kaniere" parentSectionId="23" connector="false" class="org.opensha.refFaultParamDb.vo.FaultSectionPrefData">
      <FaultTrace name="Alpine Jacksons to Kaniere 18">
        <Location Latitude="-43.44248166898923" Longitude="170.07161401389675" Depth="0.0"/>
        <Location Latitude="-43.40263707404192" Longitude="170.14825345456043" Depth="0.0"/>
      </FaultTrace>
    </i17>
    <i18 sectionId="18" sectionName="Alpine Jacksons to Kaniere, Subsection 18" aveLongTermSlipRate="27.0" slipRateStdDev="0.0" aveDip="50.0" aveRake="167.0" aveUpperDepth="0.0" aveLowerDepth="12.0" aseismicSlipFactor="0.0" couplingCoeff="1.0" dipDirection="144.4" parentSectionName="Alpine Jacksons to Kaniere" parentSectionId="23" connector="false" class="org.opensha.refFaultParamDb.vo.FaultSectionPrefData">
      <FaultTrace name="Alpine Jacksons to Kaniere 19">
        <Location Latitude="-43.40263707404192" Longitude="170.14825345456043" Depth="0.0"/>
        <Location Latitude="-43.36274136919175" Longitude="170.224792087544" Depth="0.0"/>
      </FaultTrace>
    </i18>
    <i19 sectionId="19" sectionName="Alpine Jacksons to Kaniere, Subsection 19" aveLongTermSlipRate="27.0" slipRateStdDev="0.0" aveDip="50.0" aveRake="167.0" aveUpperDepth="0.0" aveLowerDepth="12.0" aseismicSlipFactor="0.0" couplingCoeff="1.0" dipDirection="144.4" parentSectionName="Alpine Jacksons to Kaniere" parentSectionId="23" connector="false" class="org.opensha.refFaultParamDb.vo.FaultSectionPrefData">
      <FaultTrace name="Alpine Jacksons to Kaniere 20">
        <Location Latitude="-43.36274136919175" Longitude="170.224792087544" Depth="0.0"/>
        <Location Latitude="-43.32279469280927" Longitude="170.3012300570633" Depth="0.0"/>
      </FaultTrace>
    </i19>
    <i20 sectionId="20" sectionName="Alpine Jacksons to Kaniere, Subsection 20" aveLongTermSlipRate="27.0" slipRateStdDev="0.0" aveDip="50.0" aveRake="167.0" aveUpperDepth="0.0" aveLowerDepth="12.0" aseismicSlipFactor="0.0" couplingCoeff="1.0" dipDirection="144.4" parentSectionName="Alpine Jacksons to Kaniere" parentSectionId="23" connector="false" class="org.opensha.refFaultParamDb.vo.FaultSectionPrefData">
      <FaultTrace name="Alpine Jacksons to Kaniere 21">
        <Location Latitude="-43.32279469280927" Longitude="170.3012300570633" Depth="0.0"/>
        <Location Latitude="-43.28279718297863" Longitude="170.37756750781446" Depth="0.0"/>
      </FaultTrace>
    </i20>
    <i21 sectionId="21" sectionName="Alpine Jacksons to Kaniere, Subsection 21" aveLongTermSlipRate="27.0" slipRateStdDev="0.0" aveDip="50.0" aveRake="167.0" aveUpperDepth="0.0" aveLowerDepth="12.0" aseismicSlipFactor="0.0" couplingCoeff="1.0" dipDirection="144.4" parentSectionName="Alpine Jacksons to Kaniere" parentSectionId="23" connector="false" class="org.opensha.refFaultParamDb.vo.FaultSectionPrefData">
      <FaultTrace name="Alpine Jacksons to Kaniere 22">
        <Location Latitude="-43.28279718297863" Longitude="170.37756750781446" Depth="0.0"/>
        <Location Latitude="-43.24274897749749" Longitude="170.45380458496757" Depth="0.0"/>
      </FaultTrace>
    </i21>
    <i22 sectionId="22" sectionName="Alpine Jacksons to Kaniere, Subsection 22" aveLongTermSlipRate="27.0" slipRateStdDev="0.0" aveDip="50.0" aveRake="167.0" aveUpperDepth="0.0" aveLowerDepth="12.0" aseismicSlipFactor="0.0" couplingCoeff="1.0" dipDirection="144.4" parentSectionName="Alpine Jacksons to Kaniere" parentSectionId="23" connector="false" class="org.opensha.refFaultParamDb.vo.FaultSectionPrefData">
      <FaultTrace name="Alpine Jacksons to Kaniere 23">
        <Location Latitude="-43.24274897749749" Longitude="170.45380458496757" Depth="0.0"/>
        <Location Latitude="-43.2257" Longitude="170.4862" Depth="0.0"/>
        <Location Latitude="-43.2040789704988" Longitude="170.53129459471086" Depth="0.0"/>
      </FaultTrace>
    </i22>
    <i23 sectionId="23" sectionName="Alpine Jacksons to Kaniere, Subsection 23" aveLongTermSlipRate="27.0" slipRateStdDev="0.0" aveDip="50.0" aveRake="167.0" aveUpperDepth="0.0" aveLowerDepth="12.0" aseismicSlipFactor="0.0" couplingCoeff="1.0" dipDirection="144.4" parentSectionName="Alpine Jacksons to Kaniere" parentSectionId="23" connector="false" class="org.opensha.refFaultParamDb.vo.FaultSectionPrefData">
      <FaultTrace name="Alpine Jacksons to Kaniere 24">
        <Location Latitude="-43.2040789704988" Longitude="170.53129459471086" Depth="0.0"/>
        <Location Latitude="-43.166413504316736" Longitude="170.60968861449848" Depth="0.0"/>
      </FaultTrace>
    </i23>
    <i24 sectionId="24" sectionName="Alpine Jacksons to Kaniere, Subsection 24" aveLongTermSlipRate="27.0" slipRateStdDev="0.0" aveDip="50.0" aveRake="167.0" aveUpperDepth="0.0" aveLowerDepth="12.0" aseismicSlipFactor="0.0" couplingCoeff="1.0" dipDirection="144.4" parentSectionName="Alpine Jacksons to Kaniere" parentSectionId="23" connector="false" class="org.opensha.refFaultParamDb.vo.FaultSectionPrefData">
      <FaultTrace name="Alpine Jacksons to Kaniere 25">
        <Location Latitude="-43.166413504316736" Longitude="170.60968861449848" Depth="0.0"/>
        <Location Latitude="-43.12869458326834" Longitude="170.68798594951872" Depth="0.0"/>
      </FaultTrace>
    </i24>
    <i25 sectionId="25" sectionName="Alpine Jacksons to Kaniere, Subsection 25" aveLongTermSlipRate="27.0" slipRateStdDev="0.0" aveDip="50.0" aveRake="167.0" aveUpperDepth="0.0" aveLowerDepth="12.0" aseismicSlipFactor="0.0" couplingCoeff="1.0" dipDirection="144.4" parentSectionName="Alpine Jacksons to Kaniere" parentSectionId="23" connector="false" class="org.opensha.refFaultParamDb.vo.FaultSectionPrefData">
      <FaultTrace name="Alpine Jacksons to Kaniere 26">
        <Location Latitude="-43.12869458326834" Longitude="170.68798594951872" Depth="0.0"/>
        <Location Latitude="-43.0958" Longitude="170.7561" Depth="0.0"/>
        <Location Latitude="-43.090673309949686" Longitude="170.76595237024364" Depth="0.0"/>
      </FaultTrace>
    </i25>
    <i26 sectionId="26" sectionName="Alpine Jacksons to Kaniere, Subsection 26" aveLongTermSlipRate="27.0" slipRateStdDev="0.0" aveDip="50.0" aveRake="167.0" aveUpperDepth="0.0" aveLowerDepth="12.0" aseismicSlipFactor="0.0" couplingCoeff="1.0" dipDirection="144.4" parentSectionName="Alpine Jacksons to Kaniere" parentSectionId="23" connector="false" class="org.opensha.refFaultParamDb.vo.FaultSectionPrefData">
      <FaultTrace name="Alpine Jacksons to Kaniere 27">
        <Location Latitude="-43.090673309949686" Longitude="170.76595237024364" Depth="0.0"/>
        <Location Latitude="-43.050919583158745" Longitude="170.84223939861138" Depth="0.0"/>
      </FaultTrace>
    </i26>
    <i27 sectionId="27" sectionName="Alpine Jacksons to Kaniere, Subsection 27" aveLongTermSlipRate="27.0" slipRateStdDev="0.0" aveDip="50.0" aveRake="167.0" aveUpperDepth="0.0" aveLowerDepth="12.0" aseismicSlipFactor="0.0" couplingCoeff="1.0" dipDirection="144.4" parentSectionName="Alpine Jacksons to Kaniere" parentSectionId="23" connector="false" class="org.opensha.refFaultParamDb.vo.FaultSectionPrefData">
      <FaultTrace name="Alpine Jacksons to Kaniere 28">
        <Location Latitude="-43.050919583158745" Longitude="170.84223939861138" Depth="0.0"/>
        <Location Latitude="-43.011115252977376" Longitude="170.91842753519217" Depth="0.0"/>
      </FaultTrace>
    </i27>
    <i28 sectionId="28" sectionName="Alpine Jacksons to Kaniere, Subsection 28" aveLongTermSlipRate="27.0" slipRateStdDev="0.0" aveDip="50.0" aveRake="167.0" aveUpperDepth="0.0" aveLowerDepth="12.0" aseismicSlipFactor="0.0" couplingCoeff="1.0" dipDirection="144.4" parentSectionName="Alpine Jacksons to Kaniere" parentSectionId="23" connector="false" class="org.opensha.refFaultParamDb.vo.FaultSectionPrefData">
      <FaultTrace name="Alpine Jacksons to Kaniere 29">
        <Location Latitude="-43.011115252977376" Longitude="170.91842753519217" Depth="0.0"/>
        <Location Latitude="-42.97126045533539" Longitude="170.99451692033202" Depth="0.0"/>
      </FaultTrace>
    </i28>
    <i29 sectionId="29" sectionName="Alpine Jacksons to Kaniere, Subsection 29" aveLongTermSlipRate="27.0" slipRateStdDev="0.0" aveDip="50.0" aveRake="167.0" aveUpperDepth="0.0" aveLowerDepth="12.0" aseismicSlipFactor="0.0" couplingCoeff="1.0" dipDirection="144.4" parentSectionName="Alpine Jacksons to Kaniere" parentSectionId="23" connector="false" class="org.opensha.refFaultParamDb.vo.FaultSectionPrefData">
      <FaultTrace name="Alpine Jacksons to Kaniere 30">
        <Location Latitude="-42.97126045533539" Longitude="170.99451692033202" Depth="0.0"/>
        <Location Latitude="-42.93135532588489" Longitude="171.07050769484357" Depth="0.0"/>
      </FaultTrace>
    </i29>
    <i30 sectionId="30" sectionName="Alpine Jacksons to Kaniere, Subsection 30" aveLongTermSlipRate="27.0" slipRateStdDev="0.0" aveDip="50.0" aveRake="167.0" aveUpperDepth="0.0" aveLowerDepth="12.0" aseismicSlipFactor="0.0" couplingCoeff="1.0" dipDirection="144.4" parentSectionName="Alpine Jacksons to Kaniere" parentSectionId="23" connector="false" class="org.opensha.refFaultParamDb.vo.FaultSectionPrefData">
      <FaultTrace name="Alpine Jacksons to Kaniere 31">
        <Location Latitude="-42.93135532588489" Longitude="171.07050769484357" Depth="0.0"/>
        <Location Latitude="-42.8914" Longitude="171.1464" Depth="0.0"/>
      </FaultTrace>
    </i30>
    <i31 sectionId="31" sectionName="Alpine Kaniere to Springs Junction, Subsection 0" aveLongTermSlipRate="14.0" slipRateStdDev="0.0" aveDip="60.0" aveRake="143.0" aveUpperDepth="0.0" aveLowerDepth="12.0" aseismicSlipFactor="0.0" couplingCoeff="1.0" dipDirection="145.7" parentSectionName="Alpine Kaniere to Springs Junction" parentSectionId="24" connector="false" class="org.opensha.refFaultParamDb.vo.FaultSectionPrefData">
      <FaultTrace name="Alpine Kaniere to Springs Junction 1">
        <Location Latitude="-42.3554" Longitude="172.2143" Depth="0.0"/>
        <Location Latitude="-42.39264773685221" Longitude="172.15140378745062" Depth="0.0"/>
      </FaultTrace>
    </i31>
    <i32 sectionId="32" sectionName="Alpine Kaniere to Springs Junction, Subsection 1" aveLongTermSlipRate="14.0" slipRateStdDev="0.0" aveDip="60.0" aveRake="143.0" aveUpperDepth="0.0" aveLowerDepth="12.0" aseismicSlipFactor="0.0" couplingCoeff="1.0" dipDirection="145.7" parentSectionName="Alpine Kaniere to Springs Junction" parentSectionId="24" connector="false" class="org.opensha.refFaultParamDb.vo.FaultSectionPrefData">
      <FaultTrace name="Alpine Kaniere to Springs Junction 2">
        <Location Latitude="-42.39264773685221" Longitude="172.15140378745062" Depth="0.0"/>
        <Location Latitude="-42.429861053737696" Longitude="172.0884329115892" Depth="0.0"/>
      </FaultTrace>
    </i32>
    <i33 sectionId="33" sectionName="Alpine Kaniere to Springs Junction, Subsection 2" aveLongTermSlipRate="14.0" slipRateStdDev="0.0" aveDip="60.0" aveRake="143.0" aveUpperDepth="0.0" aveLowerDepth="12.0" aseismicSlipFactor="0.0" couplingCoeff="1.0" dipDirection="145.7" parentSectionName="Alpine Kaniere to Springs Junction" parentSectionId="24" connector="false" class="org.opensha.refFaultParamDb.vo.FaultSectionPrefData">
      <FaultTrace name="Alpine Kaniere to Springs Junction 3">
        <Location Latitude="-42.429861053737696" Longitude="172.0884329115892" Depth="0.0"/>
        <Location Latitude="-42.467039864812186" Longitude="172.02538725548905" Depth="0.0"/>
      </FaultTrace>
    </i33>
    <i34 sectionId="34" sectionName="Alpine Kaniere to Springs Junction, Subsection 3" aveLongTermSlipRate="14.0" slipRateStdDev="0.0" aveDip="60.0" aveRake="143.0" aveUpperDepth="0.0" aveLowerDepth="12.0" aseismicSlipFactor="0.0" couplingCoeff="1.0" dipDirection="145.7" parentSectionName="Alpine Kaniere to Springs Junction" parentSectionId="24" connector="false" class="org.opensha.refFaultParamDb.vo.FaultSectionPrefData">
      <FaultTrace name="Alpine Kaniere to Springs Junction 4">
        <Location Latitude="-42.467039864812186" Longitude="172.02538725548905" Depth="0.0"/>
        <Location Latitude="-42.4741" Longitude="172.0134" Depth="0.0"/>
        <Location Latitude="-42.499692325608684" Longitude="171.95795357826051" Depth="0.0"/>
      </FaultTrace>
    </i34>
    <i35 sectionId="35" sectionName="Alpine Kaniere to Springs Junction, Subsection 4" aveLongTermSlipRate="14.0" slipRateStdDev="0.0" aveDip="60.0" aveRake="143.0" aveUpperDepth="0.0" aveLowerDepth="12.0" aseismicSlipFactor="0.0" couplingCoeff="1.0" dipDirection="145.7" parentSectionName="Alpine Kaniere to Springs Junction" parentSectionId="24" connector="false" class="org.opensha.refFaultParamDb.vo.FaultSectionPrefData">
      <FaultTrace name="Alpine Kaniere to Springs Junction 5">
        <Location Latitude="-42.499692325608684" Longitude="171.95795357826051" Depth="0.0"/>
        <Location Latitude="-42.53125096135365" Longitude="171.88943844613928" Depth="0.0"/>
      </FaultTrace>
    </i35>
    <i36 sectionId="36" sectionName="Alpine Kaniere to Springs Junction, Subsection 5" aveLongTermSlipRate="14.0" slipRateStdDev="0.0" aveDip="60.0" aveRake="143.0" aveUpperDepth="0.0" aveLowerDepth="12.0" aseismicSlipFactor="0.0" couplingCoeff="1.0" dipDirection="145.7" parentSectionName="Alpine Kaniere to Springs Junction" parentSectionId="24" connector="false" class="org.opensha.refFaultParamDb.vo.FaultSectionPrefData">
      <FaultTrace name="Alpine Kaniere to Springs Junction 6">
        <Location Latitude="-42.53125096135365" Longitude="171.88943844613928" Depth="0.0"/>
        <Location Latitude="-42.562768742169325" Longitude="171.82085408659356" Depth="0.0"/>
      </FaultTrace>
    </i36>
    <i37 sectionId="37" sectionName="Alpine Kaniere to Springs Junction, Subsection 6" aveLongTermSlipRate="14.0" slipRateStdDev="0.0" aveDip="60.0" aveRake="143.0" aveUpperDepth="0.0" aveLowerDepth="12.0" aseismicSlipFactor="0.0" couplingCoeff="1.0" dipDirection="145.7" parentSectionName="Alpine Kaniere to Springs Junction" parentSectionId="24" connector="false" class="org.opensha.refFaultParamDb.vo.FaultSectionPrefData">
      <FaultTrace name="Alpine Kaniere to Springs Junction 7">
        <Location Latitude="-42.562768742169325" Longitude="171.82085408659356" Depth="0.0"/>
        <Location Latitude="-42.59424558159656" Longitude="171.75220044308384" Depth="0.0"/>
      </FaultTrace>
    </i37>
    <i38 sectionId="38" sectionName="Alpine Kaniere to Springs Junction, Subsection 7" aveLongTermSlipRate="14.0" slipRateStdDev="0.0" aveDip="60.0" aveRake="143.0" aveUpperDepth="0.0" aveLowerDepth="12.0" aseismicSlipFactor="0.0" couplingCoeff="1.0" dipDirection="145.7" parentSectionName="Alpine Kaniere to Springs Junction" parentSectionId="24" connector="false" class="org.opensha.refFaultParamDb.vo.FaultSectionPrefData">
      <FaultTrace name="Alpine Kaniere to Springs Junction 8">
        <Location Latitude="-42.59424558159656" Longitude="171.75220044308384" Depth="0.0"/>
        <Location Latitude="-42.62568139306446" Longitude="171.68347745945238" Depth="0.0"/>
      </FaultTrace>
    </i38>
    <i39 sectionId="39" sectionName="Alpine Kaniere to Springs Junction, Subsection 8" aveLongTermSlipRate="14.0" slipRateStdDev="0.0" aveDip="60.0" aveRake="143.0" aveUpperDepth="0.0" aveLowerDepth="12.0" aseismicSlipFactor="0.0" couplingCoeff="1.0" dipDirection="145.7" parentSectionName="Alpine Kaniere to Springs Junction" parentSectionId="24" connector="false" class="org.opensha.refFaultParamDb.vo.FaultSectionPrefData">
      <FaultTrace name="Alpine Kaniere to Springs Junction 9">
        <Location Latitude="-42.62568139306446" Longitude="171.68347745945238" Depth="0.0"/>
        <Location Latitude="-42.657076089890744" Longitude="171.61468507992612" Depth="0.0"/>
      </FaultTrace>
    </i39>
    <i40 sectionId="40" sectionName="Alpine Kaniere to Springs Junction, Subsection 9" aveLongTermSlipRate="14.0" slipRateStdDev="0.0" aveDip="60.0" aveRake="143.0" aveUpperDepth="0.0" aveLowerDepth="12.0" aseismicSlipFactor="0.0" couplingCoeff="1.0" dipDirection="145.7" parentSectionName="Alpine Kaniere to Springs Junction" parentSectionId="24" connector="false" class="org.opensha.refFaultParamDb.vo.FaultSectionPrefData">
      <FaultTrace name="Alpine Kaniere to Springs Junction 10">
        <Location Latitude="-42.657076089890744" Longitude="171.61468507992612" Depth="0.0"/>
        <Location Latitude="-42.6583" Longitude="171.612" Depth="0.0"/>
        <Location Latitude="-42.6888382572198" Longitude="171.54617048350488" Depth="0.0"/>
      </FaultTrace>
    </i40>
    <i41 sectionId="41" sectionName="Alpine Kaniere to Springs Junction, Subsection 10" aveLongTermSlipRate="14.0" slipRateStdDev="0.0" aveDip="60.0" aveRake="143.0" aveUpperDepth="0.0" aveLowerDepth="12.0" aseismicSlipFactor="0.0" couplingCoeff="1.0" dipDirection="145.7" parentSectionName="Alpine Kaniere to Springs Junction" parentSectionId="24" connector="false" class="org.opensha.refFaultParamDb.vo.FaultSectionPrefData">
      <FaultTrace name="Alpine Kaniere to Springs Junction 11">
        <Location Latitude="-42.6888382572198" Longitude="171.54617048350488" Depth="0.0"/>
        <Location Latitude="-42.72057614932681" Longitude="171.47759991226766" Depth="0.0"/>
      </FaultTrace>
    </i41>
    <i42 sectionId="42" sectionName="Alpine Kaniere to Springs Junction, Subsection 11" aveLongTermSlipRate="14.0" slipRateStdDev="0.0" aveDip="60.0" aveRake="143.0" aveUpperDepth="0.0" aveLowerDepth="12.0" aseismicSlipFactor="0.0" couplingCoeff="1.0" dipDirection="145.7" parentSectionName="Alpine Kaniere to Springs Junction" parentSectionId="24" connector="false" class="org.opensha.refFaultParamDb.vo.FaultSectionPrefData">
      <FaultTrace name="Alpine Kaniere to Springs Junction 12">
        <Location Latitude="-42.72057614932681" Longitude="171.47759991226766" Depth="0.0"/>
        <Location Latitude="-42.7343" Longitude="171.4479" Depth="0.0"/>
        <Location Latitude="-42.75204259889326" Longitude="171.40876377754765" Depth="0.0"/>
      </FaultTrace>
    </i42>
    <i43 sectionId="43" sectionName="Alpine Kaniere to Springs Junction, Subsection 12" aveLongTermSlipRate="14.0" slipRateStdDev="0.0" aveDip="60.0" aveRake="143.0" aveUpperDepth="0.0" aveLowerDepth="12.0" aseismicSlipFactor="0.0" couplingCoeff="1.0" dipDirection="145.7" parentSectionName="Alpine Kaniere to Springs Junction" parentSectionId="24" connector="false" class="org.opensha.refFaultParamDb.vo.FaultSectionPrefData">
      <FaultTrace name="Alpine Kaniere to Springs Junction 13">
        <Location Latitude="-42.75204259889326" Longitude="171.40876377754765" Depth="0.0"/>
        <Location Latitude="-42.78329180410587" Longitude="171.3397087537198" Depth="0.0"/>
      </FaultTrace>
    </i43>
    <i44 sectionId="44" sectionName="Alpine Kaniere to Springs Junction, Subsection 13" aveLongTermSlipRate="14.0" slipRateStdDev="0.0" aveDip="60.0" aveRake="143.0" aveUpperDepth="0.0" aveLowerDepth="12.0" aseismicSlipFactor="0.0" couplingCoeff="1.0" dipDirection="145.7" parentSectionName="Alpine Kaniere to Springs Junction" parentSectionId="24" connector="false" class="org.opensha.refFaultParamDb.vo.FaultSectionPrefData">
      <FaultTrace name="Alpine Kaniere to Springs Junction 14">
        <Location Latitude="-42.78329180410587" Longitude="171.3397087537198" Depth="0.0"/>
        <Location Latitude="-42.8112" Longitude="171.2779" Depth="0.0"/>
        <Location Latitude="-42.81523263173789" Longitude="171.27130191639142" Depth="0.0"/>
      </FaultTrace>
    </i44>
    <i45 sectionId="45" sectionName="Alpine Kaniere to Springs Junction, Subsection 14" aveLongTermSlipRate="14.0" slipRateStdDev="0.0" aveDip="60.0" aveRake="143.0" aveUpperDepth="0.0" aveLowerDepth="12.0" aseismicSlipFactor="0.0" couplingCoeff="1.0" dipDirection="145.7" parentSectionName="Alpine Kaniere to Springs Junction" parentSectionId="24" connector="false" class="org.opensha.refFaultParamDb.vo.FaultSectionPrefData">
      <FaultTrace name="Alpine Kaniere to Springs Junction 15">
        <Location Latitude="-42.81523263173789" Longitude="171.27130191639142" Depth="0.0"/>
        <Location Latitude="-42.85333328560513" Longitude="171.20888946894834" Depth="0.0"/>
      </FaultTrace>
    </i45>
    <i46 sectionId="46" sectionName="Alpine Kaniere to Springs Junction, Subsection 15" aveLongTermSlipRate="14.0" slipRateStdDev="0.0" aveDip="60.0" aveRake="143.0" aveUpperDepth="0.0" aveLowerDepth="12.0" aseismicSlipFactor="0.0" couplingCoeff="1.0" dipDirection="145.7" parentSectionName="Alpine Kaniere to Springs Junction" parentSectionId="24" connector="false" class="org.opensha.refFaultParamDb.vo.FaultSectionPrefData">
      <FaultTrace name="Alpine Kaniere to Springs Junction 16">
        <Location Latitude="-42.85333328560513" Longitude="171.20888946894834" Depth="0.0"/>
        <Location Latitude="-42.89139999999993" Longitude="171.1464000000001" Depth="0.0"/>
      </FaultTrace>
    </i46>
    <i47 sectionId="47" sectionName="Fowlers, Subsection 0" aveLongTermSlipRate="0.5" slipRateStdDev="0.0" aveDip="90.0" aveRake="180.0" aveUpperDepth="0.0" aveLowerDepth="12.0" aseismicSlipFactor="0.0" couplingCoeff="1.0" dipDirection="163.1" parentSectionName="Fowlers" parentSectionId="130" connector="false" class="org.opensha.refFaultParamDb.vo.FaultSectionPrefData">
      <FaultTrace name="Fowlers 1">
        <Location Latitude="-42.1869" Longitude="173.0723" Depth="0.0"/>
        <Location Latitude="-42.22337536593793" Longitude="173.02536803608857" Depth="0.0"/>
      </FaultTrace>
    </i47>
    <i48 sectionId="48" sectionName="Fowlers, Subsection 1" aveLongTermSlipRate="0.5" slipRateStdDev="0.0" aveDip="90.0" aveRake="180.0" aveUpperDepth="0.0" aveLowerDepth="12.0" aseismicSlipFactor="0.0" couplingCoeff="1.0" dipDirection="163.1" parentSectionName="Fowlers" parentSectionId="130" connector="false" class="org.opensha.refFaultParamDb.vo.FaultSectionPrefData">
      <FaultTrace name="Fowlers 2">
        <Location Latitude="-42.22337536593793" Longitude="173.02536803608857" Depth="0.0"/>
        <Location Latitude="-42.227" Longitude="173.02070000000003" Depth="0.0"/>
        <Location Latitude="-42.24222197427979" Longitude="172.96295954504524" Depth="0.0"/>
      </FaultTrace>
    </i48>
    <i49 sectionId="49" sectionName="Fowlers, Subsection 2" aveLongTermSlipRate="0.5" slipRateStdDev="0.0" aveDip="90.0" aveRake="180.0" aveUpperDepth="0.0" aveLowerDepth="12.0" aseismicSlipFactor="0.0" couplingCoeff="1.0" dipDirection="163.1" parentSectionName="Fowlers" parentSectionId="130" connector="false" class="org.opensha.refFaultParamDb.vo.FaultSectionPrefData">
      <FaultTrace name="Fowlers 3">
        <Location Latitude="-42.24222197427979" Longitude="172.96295954504524" Depth="0.0"/>
        <Location Latitude="-42.2590900775628" Longitude="172.89881355235903" Depth="0.0"/>
      </FaultTrace>
    </i49>
    <i50 sectionId="50" sectionName="Fowlers, Subsection 3" aveLongTermSlipRate="0.5" slipRateStdDev="0.0" aveDip="90.0" aveRake="180.0" aveUpperDepth="0.0" aveLowerDepth="12.0" aseismicSlipFactor="0.0" couplingCoeff="1.0" dipDirection="163.1" parentSectionName="Fowlers" parentSectionId="130" connector="false" class="org.opensha.refFaultParamDb.vo.FaultSectionPrefData">
      <FaultTrace name="Fowlers 4">
        <Location Latitude="-42.2590900775628" Longitude="172.89881355235903" Depth="0.0"/>
        <Location Latitude="-42.2747" Longitude="172.8393" Depth="0.0"/>
        <Location Latitude="-42.27665469058503" Longitude="172.8351132201427" Depth="0.0"/>
      </FaultTrace>
    </i50>
    <i51 sectionId="51" sectionName="Fowlers, Subsection 4" aveLongTermSlipRate="0.5" slipRateStdDev="0.0" aveDip="90.0" aveRake="180.0" aveUpperDepth="0.0" aveLowerDepth="12.0" aseismicSlipFactor="0.0" couplingCoeff="1.0" dipDirection="163.1" parentSectionName="Fowlers" parentSectionId="130" connector="false" class="org.opensha.refFaultParamDb.vo.FaultSectionPrefData">
      <FaultTrace name="Fowlers 5">
        <Location Latitude="-42.27665469058503" Longitude="172.8351132201427" Depth="0.0"/>
        <Location Latitude="-42.30352820614393" Longitude="172.77749295990486" Depth="0.0"/>
      </FaultTrace>
    </i51>
    <i52 sectionId="52" sectionName="Fowlers, Subsection 5" aveLongTermSlipRate="0.5" slipRateStdDev="0.0" aveDip="90.0" aveRake="180.0" aveUpperDepth="0.0" aveLowerDepth="12.0" aseismicSlipFactor="0.0" couplingCoeff="1.0" dipDirection="163.1" parentSectionName="Fowlers" parentSectionId="130" connector="false" class="org.opensha.refFaultParamDb.vo.FaultSectionPrefData">
      <FaultTrace name="Fowlers 6">
        <Location Latitude="-42.30352820614393" Longitude="172.77749295990486" Depth="0.0"/>
        <Location Latitude="-42.31" Longitude="172.7636" Depth="0.0"/>
        <Location Latitude="-42.31331010801262" Longitude="172.7120751371258" Depth="0.0"/>
      </FaultTrace>
    </i52>
    <i53 sectionId="53" sectionName="Fowlers, Subsection 6" aveLongTermSlipRate="0.5" slipRateStdDev="0.0" aveDip="90.0" aveRake="180.0" aveUpperDepth="0.0" aveLowerDepth="12.0" aseismicSlipFactor="0.0" couplingCoeff="1.0" dipDirection="163.1" parentSectionName="Fowlers" parentSectionId="130" connector="false" class="org.opensha.refFaultParamDb.vo.FaultSectionPrefData">
      <FaultTrace name="Fowlers 7">
        <Location Latitude="-42.31331010801262" Longitude="172.7120751371258" Depth="0.0"/>
        <Location Latitude="-42.31660000000001" Longitude="172.6605" Depth="0.0"/>
        <Location Latitude="-42.31956884321516" Longitude="172.64462258036397" Depth="0.0"/>
      </FaultTrace>
    </i53>
    <i54 sectionId="54" sectionName="Fowlers, Subsection 7" aveLongTermSlipRate="0.5" slipRateStdDev="0.0" aveDip="90.0" aveRake="180.0" aveUpperDepth="0.0" aveLowerDepth="12.0" aseismicSlipFactor="0.0" couplingCoeff="1.0" dipDirection="163.1" parentSectionName="Fowlers" parentSectionId="130" connector="false" class="org.opensha.refFaultParamDb.vo.FaultSectionPrefData">
      <FaultTrace name="Fowlers 8">
        <Location Latitude="-42.31956884321516" Longitude="172.64462258036397" Depth="0.0"/>
        <Location Latitude="-42.33189882657055" Longitude="172.57853974761542" Depth="0.0"/>
      </FaultTrace>
    </i54>
    <i55 sectionId="55" sectionName="Fowlers, Subsection 8" aveLongTermSlipRate="0.5" slipRateStdDev="0.0" aveDip="90.0" aveRake="180.0" aveUpperDepth="0.0" aveLowerDepth="12.0" aseismicSlipFactor="0.0" couplingCoeff="1.0" dipDirection="163.1" parentSectionName="Fowlers" parentSectionId="130" connector="false" class="org.opensha.refFaultParamDb.vo.FaultSectionPrefData">
      <FaultTrace name="Fowlers 9">
        <Location Latitude="-42.33189882657055" Longitude="172.57853974761542" Depth="0.0"/>
        <Location Latitude="-42.34419085147285" Longitude="172.51243104059708" Depth="0.0"/>
      </FaultTrace>
    </i55>
    <i56 sectionId="56" sectionName="Fowlers, Subsection 9" aveLongTermSlipRate="0.5" slipRateStdDev="0.0" aveDip="90.0" aveRake="180.0" aveUpperDepth="0.0" aveLowerDepth="12.0" aseismicSlipFactor="0.0" couplingCoeff="1.0" dipDirection="163.1" parentSectionName="Fowlers" parentSectionId="130" connector="false" class="org.opensha.refFaultParamDb.vo.FaultSectionPrefData">
      <FaultTrace name="Fowlers 10">
        <Location Latitude="-42.34419085147285" Longitude="172.51243104059708" Depth="0.0"/>
        <Location Latitude="-42.35644488671202" Longitude="172.44629651791115" Depth="0.0"/>
      </FaultTrace>
    </i56>
    <i57 sectionId="57" sectionName="Fowlers, Subsection 10" aveLongTermSlipRate="0.5" slipRateStdDev="0.0" aveDip="90.0" aveRake="180.0" aveUpperDepth="0.0" aveLowerDepth="12.0" aseismicSlipFactor="0.0" couplingCoeff="1.0" dipDirection="163.1" parentSectionName="Fowlers" parentSectionId="130" connector="false" class="org.opensha.refFaultParamDb.vo.FaultSectionPrefData">
      <FaultTrace name="Fowlers 11">
        <Location Latitude="-42.35644488671202" Longitude="172.44629651791115" Depth="0.0"/>
        <Location Latitude="-42.3686609011432" Longitude="172.3801362384008" Depth="0.0"/>
      </FaultTrace>
    </i57>
    <i58 sectionId="58" sectionName="Fowlers, Subsection 11" aveLongTermSlipRate="0.5" slipRateStdDev="0.0" aveDip="90.0" aveRake="180.0" aveUpperDepth="0.0" aveLowerDepth="12.0" aseismicSlipFactor="0.0" couplingCoeff="1.0" dipDirection="163.1" parentSectionName="Fowlers" parentSectionId="130" connector="false" class="org.opensha.refFaultParamDb.vo.FaultSectionPrefData">
      <FaultTrace name="Fowlers 12">
        <Location Latitude="-42.3686609011432" Longitude="172.3801362384008" Depth="0.0"/>
        <Location Latitude="-42.378" Longitude="172.3294" Depth="0.0"/>
        <Location Latitude="-42.38255850105713" Longitude="172.31472388779116" Depth="0.0"/>
      </FaultTrace>
    </i58>
    <i59 sectionId="59" sectionName="Fowlers, Subsection 12" aveLongTermSlipRate="0.5" slipRateStdDev="0.0" aveDip="90.0" aveRake="180.0" aveUpperDepth="0.0" aveLowerDepth="12.0" aseismicSlipFactor="0.0" couplingCoeff="1.0" dipDirection="163.1" parentSectionName="Fowlers" parentSectionId="130" connector="false" class="org.opensha.refFaultParamDb.vo.FaultSectionPrefData">
      <FaultTrace name="Fowlers 13">
        <Location Latitude="-42.38255850105713" Longitude="172.31472388779116" Depth="0.0"/>
        <Location Latitude="-42.40206861337295" Longitude="172.25181862714234" Depth="0.0"/>
      </FaultTrace>
    </i59>
    <i60 sectionId="60" sectionName="Fowlers, Subsection 13" aveLongTermSlipRate="0.5" slipRateStdDev="0.0" aveDip="90.0" aveRake="180.0" aveUpperDepth="0.0" aveLowerDepth="12.0" aseismicSlipFactor="0.0" couplingCoeff="1.0" dipDirection="163.1" parentSectionName="Fowlers" parentSectionId="130" connector="false" class="org.opensha.refFaultParamDb.vo.FaultSectionPrefData">
      <FaultTrace name="Fowlers 14">
        <Location Latitude="-42.40206861337295" Longitude="172.25181862714234" Depth="0.0"/>
        <Location Latitude="-42.4048" Longitude="172.243" Depth="0.0"/>
        <Location Latitude="-42.40791489244859" Longitude="172.18447297848203" Depth="0.0"/>
      </FaultTrace>
    </i60>
    <i61 sectionId="61" sectionName="Fowlers, Subsection 14" aveLongTermSlipRate="0.5" slipRateStdDev="0.0" aveDip="90.0" aveRake="180.0" aveUpperDepth="0.0" aveLowerDepth="12.0" aseismicSlipFactor="0.0" couplingCoeff="1.0" dipDirection="163.1" parentSectionName="Fowlers" parentSectionId="130" connector="false" class="org.opensha.refFaultParamDb.vo.FaultSectionPrefData">
      <FaultTrace name="Fowlers 15">
        <Location Latitude="-42.40791489244859" Longitude="172.18447297848203" Depth="0.0"/>
        <Location Latitude="-42.41149999999999" Longitude="172.11640000000003" Depth="0.0"/>
      </FaultTrace>
    </i61>
    <i62 sectionId="62" sectionName="Barefell, Subsection 0" aveLongTermSlipRate="0.5" slipRateStdDev="0.0" aveDip="60.0" aveRake="180.0" aveUpperDepth="0.0" aveLowerDepth="12.0" aseismicSlipFactor="0.0" couplingCoeff="1.0" dipDirection="293.0" parentSectionName="Barefell" parentSectionId="50" connector="false" class="org.opensha.refFaultParamDb.vo.FaultSectionPrefData">
      <FaultTrace name="Barefell 1">
        <Location Latitude="-42.2432" Longitude="173.1176" Depth="0.0"/>
        <Location Latitude="-42.19330000000001" Longitude="173.128" Depth="0.0"/>
        <Location Latitude="-42.1915033867789" Longitude="173.1291488061902" Depth="0.0"/>
      </FaultTrace>
    </i62>
    <i63 sectionId="63" sectionName="Barefell, Subsection 1" aveLongTermSlipRate="0.5" slipRateStdDev="0.0" aveDip="60.0" aveRake="180.0" aveUpperDepth="0.0" aveLowerDepth="12.0" aseismicSlipFactor="0.0" couplingCoeff="1.0" dipDirection="293.0" parentSectionName="Barefell" parentSectionId="50" connector="false" class="org.opensha.refFaultParamDb.vo.FaultSectionPrefData">
      <FaultTrace name="Barefell 2">
        <Location Latitude="-42.1915033867789" Longitude="173.1291488061902" Depth="0.0"/>
        <Location Latitude="-42.14407321760665" Longitude="173.15945078097513" Depth="0.0"/>
      </FaultTrace>
    </i63>
    <i64 sectionId="64" sectionName="Barefell, Subsection 2" aveLongTermSlipRate="0.5" slipRateStdDev="0.0" aveDip="60.0" aveRake="180.0" aveUpperDepth="0.0" aveLowerDepth="12.0" aseismicSlipFactor="0.0" couplingCoeff="1.0" dipDirection="293.0" parentSectionName="Barefell" parentSectionId="50" connector="false" class="org.opensha.refFaultParamDb.vo.FaultSectionPrefData">
      <FaultTrace name="Barefell 3">
        <Location Latitude="-42.14407321760665" Longitude="173.15945078097513" Depth="0.0"/>
        <Location Latitude="-42.115" Longitude="173.178" Depth="0.0"/>
        <Location Latitude="-42.0989" Longitude="173.1947" Depth="0.0"/>
      </FaultTrace>
    </i64>
    <i65 sectionId="65" sectionName="AwatereNortheast 1, Subsection 0" aveLongTermSlipRate="6.0" slipRateStdDev="0.0" aveDip="75.0" aveRake="160.0" aveUpperDepth="0.0" aveLowerDepth="12.0" aseismicSlipFactor="0.0" couplingCoeff="1.0" dipDirection="323.3" parentSectionName="AwatereNortheast 1" parentSectionId="48" connector="false" class="org.opensha.refFaultParamDb.vo.FaultSectionPrefData">
      <FaultTrace name="AwatereNortheast 1 1">
        <Location Latitude="-42.0989" Longitude="173.1947" Depth="0.0"/>
        <Location Latitude="-42.0842" Longitude="173.2427" Depth="0.0"/>
        <Location Latitude="-42.07381492894386" Longitude="173.26058068847595" Depth="0.0"/>
      </FaultTrace>
    </i65>
    <i66 sectionId="66" sectionName="AwatereNortheast 1, Subsection 1" aveLongTermSlipRate="6.0" slipRateStdDev="0.0" aveDip="75.0" aveRake="160.0" aveUpperDepth="0.0" aveLowerDepth="12.0" aseismicSlipFactor="0.0" couplingCoeff="1.0" dipDirection="323.3" parentSectionName="AwatereNortheast 1" parentSectionId="48" connector="false" class="org.opensha.refFaultParamDb.vo.FaultSectionPrefData">
      <FaultTrace name="AwatereNortheast 1 2">
        <Location Latitude="-42.07381492894386" Longitude="173.26058068847595" Depth="0.0"/>
        <Location Latitude="-42.03966348940607" Longitude="173.31930672275044" Depth="0.0"/>
      </FaultTrace>
    </i66>
    <i67 sectionId="67" sectionName="AwatereNortheast 1, Subsection 2" aveLongTermSlipRate="6.0" slipRateStdDev="0.0" aveDip="75.0" aveRake="160.0" aveUpperDepth="0.0" aveLowerDepth="12.0" aseismicSlipFactor="0.0" couplingCoeff="1.0" dipDirection="323.3" parentSectionName="AwatereNortheast 1" parentSectionId="48" connector="false" class="org.opensha.refFaultParamDb.vo.FaultSectionPrefData">
      <FaultTrace name="AwatereNortheast 1 3">
        <Location Latitude="-42.03966348940607" Longitude="173.31930672275044" Depth="0.0"/>
        <Location Latitude="-42.0254" Longitude="173.3438" Depth="0.0"/>
        <Location Latitude="-42.00622042030203" Longitude="173.37872663427714" Depth="0.0"/>
      </FaultTrace>
    </i67>
    <i68 sectionId="68" sectionName="AwatereNortheast 1, Subsection 3" aveLongTermSlipRate="6.0" slipRateStdDev="0.0" aveDip="75.0" aveRake="160.0" aveUpperDepth="0.0" aveLowerDepth="12.0" aseismicSlipFactor="0.0" couplingCoeff="1.0" dipDirection="323.3" parentSectionName="AwatereNortheast 1" parentSectionId="48" connector="false" class="org.opensha.refFaultParamDb.vo.FaultSectionPrefData">
      <FaultTrace name="AwatereNortheast 1 4">
        <Location Latitude="-42.00622042030203" Longitude="173.37872663427714" Depth="0.0"/>
        <Location Latitude="-41.97327537816304" Longitude="173.4386266302097" Depth="0.0"/>
      </FaultTrace>
    </i68>
    <i69 sectionId="69" sectionName="AwatereNortheast 1, Subsection 4" aveLongTermSlipRate="6.0" slipRateStdDev="0.0" aveDip="75.0" aveRake="160.0" aveUpperDepth="0.0" aveLowerDepth="12.0" aseismicSlipFactor="0.0" couplingCoeff="1.0" dipDirection="323.3" parentSectionName="AwatereNortheast 1" parentSectionId="48" connector="false" class="org.opensha.refFaultParamDb.vo.FaultSectionPrefData">
      <FaultTrace name="AwatereNortheast 1 5">
        <Location Latitude="-41.97327537816304" Longitude="173.4386266302097" Depth="0.0"/>
        <Location Latitude="-41.94029923153198" Longitude="173.49846466284478" Depth="0.0"/>
      </FaultTrace>
    </i69>
    <i70 sectionId="70" sectionName="AwatereNortheast 1, Subsection 5" aveLongTermSlipRate="6.0" slipRateStdDev="0.0" aveDip="75.0" aveRake="160.0" aveUpperDepth="0.0" aveLowerDepth="12.0" aseismicSlipFactor="0.0" couplingCoeff="1.0" dipDirection="323.3" parentSectionName="AwatereNortheast 1" parentSectionId="48" connector="false" class="org.opensha.refFaultParamDb.vo.FaultSectionPrefData">
      <FaultTrace name="AwatereNortheast 1 6">
        <Location Latitude="-41.94029923153198" Longitude="173.49846466284478" Depth="0.0"/>
        <Location Latitude="-41.90729204853012" Longitude="173.5582408096047" Depth="0.0"/>
      </FaultTrace>
    </i70>
    <i71 sectionId="71" sectionName="AwatereNortheast 1, Subsection 6" aveLongTermSlipRate="6.0" slipRateStdDev="0.0" aveDip="75.0" aveRake="160.0" aveUpperDepth="0.0" aveLowerDepth="12.0" aseismicSlipFactor="0.0" couplingCoeff="1.0" dipDirection="323.3" parentSectionName="AwatereNortheast 1" parentSectionId="48" connector="false" class="org.opensha.refFaultParamDb.vo.FaultSectionPrefData">
      <FaultTrace name="AwatereNortheast 1 7">
        <Location Latitude="-41.90729204853012" Longitude="173.5582408096047" Depth="0.0"/>
        <Location Latitude="-41.87425389716072" Longitude="173.61795514805965" Depth="0.0"/>
      </FaultTrace>
    </i71>
    <i72 sectionId="72" sectionName="AwatereNortheast 1, Subsection 7" aveLongTermSlipRate="6.0" slipRateStdDev="0.0" aveDip="75.0" aveRake="160.0" aveUpperDepth="0.0" aveLowerDepth="12.0" aseismicSlipFactor="0.0" couplingCoeff="1.0" dipDirection="323.3" parentSectionName="AwatereNortheast 1" parentSectionId="48" connector="false" class="org.opensha.refFaultParamDb.vo.FaultSectionPrefData">
      <FaultTrace name="AwatereNortheast 1 8">
        <Location Latitude="-41.87425389716072" Longitude="173.61795514805965" Depth="0.0"/>
        <Location Latitude="-41.84118484530905" Longitude="173.67760775592575" Depth="0.0"/>
      </FaultTrace>
    </i72>
    <i73 sectionId="73" sectionName="AwatereNortheast 1, Subsection 8" aveLongTermSlipRate="6.0" slipRateStdDev="0.0" aveDip="75.0" aveRake="160.0" aveUpperDepth="0.0" aveLowerDepth="12.0" aseismicSlipFactor="0.0" couplingCoeff="1.0" dipDirection="323.3" parentSectionName="AwatereNortheast 1" parentSectionId="48" connector="false" class="org.opensha.refFaultParamDb.vo.FaultSectionPrefData">
      <FaultTrace name="AwatereNortheast 1 9">
        <Location Latitude="-41.84118484530905" Longitude="173.67760775592575" Depth="0.0"/>
        <Location Latitude="-41.8167" Longitude="173.7217" Depth="0.0"/>
        <Location Latitude="-41.80764727014953" Longitude="173.73674287758385" Depth="0.0"/>
      </FaultTrace>
    </i73>
    <i74 sectionId="74" sectionName="AwatereNortheast 1, Subsection 9" aveLongTermSlipRate="6.0" slipRateStdDev="0.0" aveDip="75.0" aveRake="160.0" aveUpperDepth="0.0" aveLowerDepth="12.0" aseismicSlipFactor="0.0" couplingCoeff="1.0" dipDirection="323.3" parentSectionName="AwatereNortheast 1" parentSectionId="48" connector="false" class="org.opensha.refFaultParamDb.vo.FaultSectionPrefData">
      <FaultTrace name="AwatereNortheast 1 10">
        <Location Latitude="-41.80764727014953" Longitude="173.73674287758385" Depth="0.0"/>
        <Location Latitude="-41.772835512295295" Longitude="173.79451952680915" Depth="0.0"/>
      </FaultTrace>
    </i74>
    <i75 sectionId="75" sectionName="AwatereNortheast 1, Subsection 10" aveLongTermSlipRate="6.0" slipRateStdDev="0.0" aveDip="75.0" aveRake="160.0" aveUpperDepth="0.0" aveLowerDepth="12.0" aseismicSlipFactor="0.0" couplingCoeff="1.0" dipDirection="323.3" parentSectionName="AwatereNortheast 1" parentSectionId="48" connector="false" class="org.opensha.refFaultParamDb.vo.FaultSectionPrefData">
      <FaultTrace name="AwatereNortheast 1 11">
        <Location Latitude="-41.772835512295295" Longitude="173.79451952680915" Depth="0.0"/>
        <Location Latitude="-41.73799483971235" Longitude="173.85223347084656" Depth="0.0"/>
      </FaultTrace>
    </i75>
    <i76 sectionId="76" sectionName="AwatereNortheast 1, Subsection 11" aveLongTermSlipRate="6.0" slipRateStdDev="0.0" aveDip="75.0" aveRake="160.0" aveUpperDepth="0.0" aveLowerDepth="12.0" aseismicSlipFactor="0.0" couplingCoeff="1.0" dipDirection="323.3" parentSectionName="AwatereNortheast 1" parentSectionId="48" connector="false" class="org.opensha.refFaultParamDb.vo.FaultSectionPrefData">
      <FaultTrace name="AwatereNortheast 1 12">
        <Location Latitude="-41.73799483971235" Longitude="173.85223347084656" Depth="0.0"/>
        <Location Latitude="-41.70312531910768" Longitude="173.90988480247705" Depth="0.0"/>
      </FaultTrace>
    </i76>
    <i77 sectionId="77" sectionName="AwatereNortheast 1, Subsection 12" aveLongTermSlipRate="6.0" slipRateStdDev="0.0" aveDip="75.0" aveRake="160.0" aveUpperDepth="0.0" aveLowerDepth="12.0" aseismicSlipFactor="0.0" couplingCoeff="1.0" dipDirection="323.3" parentSectionName="AwatereNortheast 1" parentSectionId="48" connector="false" class="org.opensha.refFaultParamDb.vo.FaultSectionPrefData">
      <FaultTrace name="AwatereNortheast 1 13">
        <Location Latitude="-41.70312531910768" Longitude="173.90988480247705" Depth="0.0"/>
        <Location Latitude="-41.668227017056026" Longitude="173.96747361455365" Depth="0.0"/>
      </FaultTrace>
    </i77>
    <i78 sectionId="78" sectionName="AwatereNortheast 1, Subsection 13" aveLongTermSlipRate="6.0" slipRateStdDev="0.0" aveDip="75.0" aveRake="160.0" aveUpperDepth="0.0" aveLowerDepth="12.0" aseismicSlipFactor="0.0" couplingCoeff="1.0" dipDirection="323.3" parentSectionName="AwatereNortheast 1" parentSectionId="48" connector="false" class="org.opensha.refFaultParamDb.vo.FaultSectionPrefData">
      <FaultTrace name="AwatereNortheast 1 14">
        <Location Latitude="-41.668227017056026" Longitude="173.96747361455365" Depth="0.0"/>
        <Location Latitude="-41.633300000000006" Longitude="174.025" Depth="0.0"/>
      </FaultTrace>
    </i78>
    <i79 sectionId="79" sectionName="Awatere Northeast 2, Subsection 0" aveLongTermSlipRate="1.5" slipRateStdDev="0.0" aveDip="80.0" aveRake="180.0" aveUpperDepth="0.0" aveLowerDepth="12.0" aseismicSlipFactor="0.0" couplingCoeff="1.0" dipDirection="330.9" parentSectionName="Awatere Northeast 2" parentSectionId="46" connector="false" class="org.opensha.refFaultParamDb.vo.FaultSectionPrefData">
      <FaultTrace name="Awatere Northeast 2 1">
        <Location Latitude="-41.6333" Longitude="174.025" Depth="0.0"/>
        <Location Latitude="-41.608742435760206" Longitude="174.08219030136894" Depth="0.0"/>
      </FaultTrace>
    </i79>
    <i80 sectionId="80" sectionName="Awatere Northeast 2, Subsection 1" aveLongTermSlipRate="1.5" slipRateStdDev="0.0" aveDip="80.0" aveRake="180.0" aveUpperDepth="0.0" aveLowerDepth="12.0" aseismicSlipFactor="0.0" couplingCoeff="1.0" dipDirection="330.9" parentSectionName="Awatere Northeast 2" parentSectionId="46" connector="false" class="org.opensha.refFaultParamDb.vo.FaultSectionPrefData">
      <FaultTrace name="Awatere Northeast 2 2">
        <Location Latitude="-41.608742435760206" Longitude="174.08219030136894" Depth="0.0"/>
        <Location Latitude="-41.58415655034173" Longitude="174.13933705466923" Depth="0.0"/>
      </FaultTrace>
    </i80>
    <i81 sectionId="81" sectionName="Awatere Northeast 2, Subsection 2" aveLongTermSlipRate="1.5" slipRateStdDev="0.0" aveDip="80.0" aveRake="180.0" aveUpperDepth="0.0" aveLowerDepth="12.0" aseismicSlipFactor="0.0" couplingCoeff="1.0" dipDirection="330.9" parentSectionName="Awatere Northeast 2" parentSectionId="46" connector="false" class="org.opensha.refFaultParamDb.vo.FaultSectionPrefData">
      <FaultTrace name="Awatere Northeast 2 3">
        <Location Latitude="-41.58415655034173" Longitude="174.13933705466923" Depth="0.0"/>
        <Location Latitude="-41.559542389761894" Longitude="174.19644028058852" Depth="0.0"/>
      </FaultTrace>
    </i81>
    <i82 sectionId="82" sectionName="Awatere Northeast 2, Subsection 3" aveLongTermSlipRate="1.5" slipRateStdDev="0.0" aveDip="80.0" aveRake="180.0" aveUpperDepth="0.0" aveLowerDepth="12.0" aseismicSlipFactor="0.0" couplingCoeff="1.0" dipDirection="330.9" parentSectionName="Awatere Northeast 2" parentSectionId="46" connector="false" class="org.opensha.refFaultParamDb.vo.FaultSectionPrefData">
      <FaultTrace name="Awatere Northeast 2 4">
        <Location Latitude="-41.559542389761894" Longitude="174.19644028058852" Depth="0.0"/>
        <Location Latitude="-41.5349" Longitude="174.2535" Depth="0.0"/>
      </FaultTrace>
    </i82>
    <i83 sectionId="83" sectionName="Vernon 4, Subsection 0" aveLongTermSlipRate="4.5" slipRateStdDev="0.0" aveDip="60.0" aveRake="-113.0" aveUpperDepth="0.0" aveLowerDepth="12.0" aseismicSlipFactor="0.0" couplingCoeff="1.0" dipDirection="182.8" parentSectionName="Vernon 4" parentSectionId="585" connector="false" class="org.opensha.refFaultParamDb.vo.FaultSectionPrefData">
      <FaultTrace name="Vernon 4 1">
        <Location Latitude="-41.5399" Longitude="174.4507" Depth="0.0"/>
        <Location Latitude="-41.53827076566121" Longitude="174.3849632914548" Depth="0.0"/>
      </FaultTrace>
    </i83>
    <i84 sectionId="84" sectionName="Vernon 4, Subsection 1" aveLongTermSlipRate="4.5" slipRateStdDev="0.0" aveDip="60.0" aveRake="-113.0" aveUpperDepth="0.0" aveLowerDepth="12.0" aseismicSlipFactor="0.0" couplingCoeff="1.0" dipDirection="182.8" parentSectionName="Vernon 4" parentSectionId="585" connector="false" class="org.opensha.refFaultParamDb.vo.FaultSectionPrefData">
      <FaultTrace name="Vernon 4 2">
        <Location Latitude="-41.53827076566121" Longitude="174.3849632914548" Depth="0.0"/>
        <Location Latitude="-41.53660409762024" Longitude="174.31922993288345" Depth="0.0"/>
      </FaultTrace>
    </i84>
    <i85 sectionId="85" sectionName="Vernon 4, Subsection 2" aveLongTermSlipRate="4.5" slipRateStdDev="0.0" aveDip="60.0" aveRake="-113.0" aveUpperDepth="0.0" aveLowerDepth="12.0" aseismicSlipFactor="0.0" couplingCoeff="1.0" dipDirection="182.8" parentSectionName="Vernon 4" parentSectionId="585" connector="false" class="org.opensha.refFaultParamDb.vo.FaultSectionPrefData">
      <FaultTrace name="Vernon 4 3">
        <Location Latitude="-41.53660409762024" Longitude="174.31922993288345" Depth="0.0"/>
        <Location Latitude="-41.53490000000001" Longitude="174.25350000000003" Depth="0.0"/>
      </FaultTrace>
    </i85>
  </FaultSectionPrefDataList>
</OpenSHA>
