{
  "connectionStrategy": {
    "name": "ClosestSectPair: maxDist\u003d5 km",
    "maxJumpDist": 5.0,
    "clusters": [
      {
        "parentID": 23,
        "subSectIDs": [
          0,
          1,
          2,
          3,
          4,
          5,
          6,
          7,
          8,
          9,
          10,
          11,
          12,
          13,
          14,
          15,
          16,
          17,
          18,
          19,
          20,
          21,
          22,
          23,
          24,
          25,
          26,
          27,
          28,
          29,
          30
        ],
        "connections": [
          {
            "fromSectID": 30,
            "toParentID": 24,
            "toSectID": 46,
            "distance": 1.137038959675767E-11
          }
        ]
      },
      {
        "parentID": 24,
        "subSectIDs": [
          31,
          32,
          33,
          34,
          35,
          36,
          37,
          38,
          39,
          40,
          41,
          42,
          43,
          44,
          45,
          46
        ],
        "connections": [
          {
            "fromSectID": 46,
            "toParentID": 23,
            "toSectID": 30,
            "distance": 1.137038959675767E-11
          },
          {
            "fromSectID": 31,
            "toParentID": 130,
            "toSectID": 60,
            "distance": 0.2068273763055283
          }
        ]
      },
      {
        "parentID": 130,
        "subSectIDs": [
          47,
          48,
          49,
          50,
          51,
          52,
          53,
          54,
          55,
          56,
          57,
          58,
          59,
          60,
          61
        ],
        "connections": [
          {
            "fromSectID": 60,
            "toParentID": 24,
            "toSectID": 31,
            "distance": 0.2068273763055283
          },
          {
            "fromSectID": 47,
            "toParentID": 50,
            "toSectID": 62,
            "distance": 0.13916985234029672
          }
        ]
      },
      {
        "parentID": 50,
        "subSectIDs": [
          62,
          63,
          64
        ],
        "connections": [
          {
            "fromSectID": 62,
            "toParentID": 130,
            "toSectID": 47,
            "distance": 0.13916985234029672
          },
          {
            "fromSectID": 64,
            "toParentID": 48,
            "toSectID": 65,
            "distance": 0.0
          }
        ]
      },
      {
        "parentID": 48,
        "subSectIDs": [
          65,
          66,
          67,
          68,
          69,
          70,
          71,
          72,
          73,
          74,
          75,
          76,
          77,
          78
        ],
        "connections": [
          {
            "fromSectID": 65,
            "toParentID": 50,
            "toSectID": 64,
            "distance": 0.0
          },
          {
            "fromSectID": 78,
            "toParentID": 46,
            "toSectID": 79,
            "distance": 7.07323888349265E-13
          }
        ]
      },
      {
        "parentID": 46,
        "subSectIDs": [
          79,
          80,
          81,
          82
        ],
        "connections": [
          {
            "fromSectID": 79,
            "toParentID": 48,
            "toSectID": 78,
            "distance": 7.07323888349265E-13
          },
          {
            "fromSectID": 82,
            "toParentID": 585,
            "toSectID": 85,
            "distance": 2.232868232725283E-12
          }
        ]
      },
      {
        "parentID": 585,
        "subSectIDs": [
          83,
          84,
          85
        ],
        "connections": [
          {
            "fromSectID": 85,
            "toParentID": 46,
            "toSectID": 82,
            "distance": 2.232868232725283E-12
          }
        ]
      }
    ]
  },
  "maxNumSplays": 0,
  "filters": [
    {
      "name": "Jump Azimuth Change Filter",
      "shortName": "JumpAz",
      "class": "org.opensha.sha.earthquake.faultSysSolution.ruptures.plausibility.impl.JumpAzimuthChangeFilter",
      "filter": {
        "azCalc": {},
        "threshold": 60.0,
        "useEndpointsForSingle": true
      }
    },
    {
      "name": "Total Azimuth Change Filter",
      "shortName": "TotalAz",
      "class": "org.opensha.sha.earthquake.faultSysSolution.ruptures.plausibility.impl.TotalAzimuthChangeFilter",
      "filter": {
        "azCalc": {},
        "threshold": 60.0,
        "multiFaultOnly": true,
        "testFullEnd": true
      }
    },
    {
      "name": "Cumulative Azimuth ≤560",
      "shortName": "CumAzimuth≤560",
      "class": "nz.cri.gns.NZSHM22.opensha.ruptures.downDip.DownDipSafeCumulativeAzimuthChangeFilter",
      "adapter": "nz.cri.gns.NZSHM22.opensha.ruptures.downDip.DownDipSafeCumulativeAzimuthChangeFilter$1",
      "filter": {}
    },
    {
      "name": "Min Sections Per Parent",
      "shortName": "SectsPerParent",
      "class": "org.opensha.sha.earthquake.faultSysSolution.ruptures.plausibility.impl.MinSectsPerParentFilter",
      "adapter": "org.opensha.sha.earthquake.faultSysSolution.ruptures.plausibility.impl.MinSectsPerParentFilter$Adapter",
      "filter": {
        "minPerParent": 2,
        "allowIfNoDirect": true,
        "allowChained": true
      }
    }
  ]
}
