along_strike_index,down_dip_index,lon1(deg),lat1(deg),lon2(deg),lat2(deg),dip (deg),top_depth (km),bottom_depth (km),tile_geometry
0,0,172.40107614464486,-43.43334115795138,172.75648125690833,-43.51061874739195,5.226842965906489,25.114061123121065,27.847035329682324,"POLYGON Z ((1571914.547938515 5153781.011738726 -27847.03532968232, 1580316.338288849 5182450.521167653 -25114.06112312106, 1551527.118335325 5190887.393483127 -25114.06112312106, 1543125.327984991 5162217.884054201 -27847.03532968232, 1571914.547938515 5153781.011738726 -27847.03532968232))"
0,1,172.49621182988741,-43.36526929797794,172.32545047026247,-43.605074715976876,9.734045452813003,25.336900717415112,30.409152516175244,"POLYGON Z ((1519215.876214091 5185192.022254059 -30409.15251617524, 1545561.095070358 5171768.099388319 -25336.90071741511, 1559181.10276517 5198498.145972515 -25336.90071741511, 1532835.883908902 5211922.068838255 -30409.15251617524, 1519215.876214091 5185192.022254059 -30409.15251617524))"
0,2,172.2359969171218,-43.26540762784276,171.95021034914808,-43.43707470878115,10.381991487278171,31.370353635086232,36.77665339850939,"POLYGON Z ((1496042.012375882 5212689.825571165 -36776.65339850939, 1515042.106277418 5190111.775287741 -31370.35363508623, 1537995.953252262 5209428.113166734 -31370.35363508623, 1518995.859350727 5232006.163450158 -36776.65339850939, 1496042.012375882 5212689.825571165 -36776.65339850939))"
0,3,171.9566100430837,-43.1064566902838,171.6470483743107,-43.253558388209164,15.951250254570914,34.24831614876199,42.49289733316772,"POLYGON Z ((1474123.699855221 5234103.677324074 -42492.89733316772, 1490177.041390021 5210138.763248267 -34248.31614876199, 1515101.656011696 5226834.977967807 -34248.31614876199, 1499048.314476896 5250799.892043615 -42492.89733316772, 1474123.699855221 5234103.677324074 -42492.89733316772))"
1,0,172.7908088525565,-43.220470174910886,173.0527972378835,-43.41120384940677,4.853161178198332,22.779796979712057,25.317868701252777,"POLYGON Z ((1583188.539592091 5172330.606913207 -25317.86870125278, 1604274.607330814 5193518.71535295 -22779.79697971206, 1583010.261765423 5214680.653063746 -22779.79697971206, 1561924.1940267 5193492.544624004 -25317.86870125278, 1583188.539592091 5172330.606913207 -25317.86870125278))"
1,1,172.76515437978568,-43.18690458812977,172.57553134786193,-43.418840912325415,10.986172975163198,23.752081625379834,29.46924452254439,"POLYGON Z ((1540293.112797761 5207582.510313489 -29469.24452254439, 1565638.169424655 5192584.438671215 -23752.08162537983, 1580916.239161059 5218402.660630318 -23752.08162537983, 1555571.182534166 5233400.732272593 -29469.24452254439, 1540293.112797761 5207582.510313489 -29469.24452254439))"
1,2,172.50288038173784,-43.059434400090026,172.2414747135377,-43.25008321643529,13.81463350078603,30.320464258090677,37.48390866352047,"POLYGON Z ((1517710.933653697 5231618.367930338 -37483.90866352047, 1538425.074876003 5211133.997847939 -30320.46425809068, 1559519.640580963 5232465.179196358 -30320.46425809068, 1538805.499358657 5252949.549278757 -37483.90866352047, 1517710.933653697 5231618.367930338 -37483.90866352047))"
1,3,172.22500725994993,-42.932794974882235,171.90517445561915,-43.06644358787594,18.252402178577515,36.33182793241866,45.72793662911517,"POLYGON Z ((1496488.022531374 5255826.030057102 -45727.93662911517, 1510858.41390404 5231225.115579054 -36331.82793241866, 1536762.675512435 5246356.844843213 -36331.82793241866, 1522392.284139769 5270957.759321261 -45727.93662911517, 1496488.022531374 5255826.030057102 -45727.93662911517))"
2,0,173.1969708470613,-43.06169748070042,173.28070383203024,-43.32480124343192,5.706292707745021,19.838361819096193,22.82123285632347,"POLYGON Z ((1593666.066866684 5196390.46886658 -22821.23285632347, 1622758.828640335 5203077.298665285 -19838.36181909619, 1616038.6982828 5232314.943029662 -19838.36181909619, 1586945.936509149 5225628.113230957 -22821.23285632347, 1593666.066866684 5196390.46886658 -22821.23285632347))"
2,1,173.03247764917683,-42.99918866044964,172.84489909184845,-43.231772688790045,12.261067916105715,21.690305337030143,28.061298581155324,"POLYGON Z ((1562155.254262401 5228329.015551653 -28061.29858115532, 1587405.600625861 5213435.041816996 -21690.30533703014, 1602647.234481205 5239274.790217854 -21690.30533703014, 1577396.888117746 5254168.76395251 -28061.29858115532, 1562155.254262401 5228329.015551653 -28061.29858115532))"
2,2,172.77084124383316,-42.86477160023483,172.52248390797598,-43.06405260354728,17.859745242602273,28.585398331849543,37.78603751135558,"POLYGON Z ((1539974.558907734 5251151.862336449 -37786.03751135558, 1561118.873195677 5231961.598868189 -28585.39833184954, 1581280.734523019 5254176.444080727 -28585.39833184954, 1560136.420235076 5273366.707548987 -37786.03751135558, 1539974.558907734 5251151.862336449 -37786.03751135558))"
2,3,172.50672023140513,-42.73328345200061,172.2082742888097,-42.89044838828692,21.448201662036574,37.710359823576674,48.68015777238939,"POLYGON Z ((1518936.171729219 5273633.092450876 -48680.15777238939, 1535353.058046885 5251046.605858333 -37710.35982357668, 1559620.071119683 5268684.975298978 -37710.35982357668, 1543203.184802017 5291271.461891521 -48680.15777238939, 1518936.171729219 5273633.092450876 -48680.15777238939))"
3,0,173.53740085368065,-42.924125689400846,173.47874716779316,-43.19082409196993,6.3243055960840895,17.21313532046947,20.517813881782562,"POLYGON Z ((1609493.142994417 5222808.379946464 -20517.81388178256, 1638900.947428225 5217882.921796269 -17213.13532046947, 1643856.563897569 5247470.788657683 -17213.13532046947, 1614448.759463761 5252396.246807878 -20517.81388178256, 1609493.142994417 5222808.379946464 -20517.81388178256))"
3,1,173.30125807088584,-42.81700596762013,173.10619271198686,-43.04600030647906,12.882646508084699,19.734036895513658,26.422683128196667,"POLYGON Z ((1583897.653804262 5249647.921704916 -26422.68312819667, 1608649.133464413 5234071.456566537 -19734.03689551366, 1624627.801384224 5259462.048751604 -19734.03689551366, 1599876.321724073 5275038.513889983 -26422.68312819667, 1583897.653804262 5249647.921704916 -26422.68312819667))"
3,2,173.0371203417036,-42.67208319550846,172.7988294078058,-42.87743968810553,20.71428788770587,26.638253931790146,37.249497084902686,"POLYGON Z ((1562223.159090337 5270988.136931328 -37249.49708490269, 1583570.361680107 5252775.546222238 -26638.25393179015, 1603041.657660513 5275598.092812033 -26638.25393179015, 1581694.455070743 5293810.683521124 -37249.49708490269, 1562223.159090337 5270988.136931328 -37249.49708490269))"
3,3,172.78281007067184,-42.530976267766036,172.5108291640907,-42.71165146424922,24.96868372871912,37.77366319074933,50.43734827493871,"POLYGON Z ((1541670.794315581 5291232.882754135 -50437.3482749387, 1559942.515358434 5271089.017925839 -37773.66319074933, 1582163.150942328 5291244.497435088 -37773.66319074933, 1563891.429899475 5311388.362263384 -50437.3482749387, 1541670.794315581 5291232.882754135 -50437.3482749387))"
4,0,173.8311893113312,-42.7768831985742,173.68134816041115,-43.023546232960406,6.289472270588548,15.652063881375462,18.938614141398617,"POLYGON Z ((1628397.359883776 5248749.328251183 -18938.61414139862, 1655514.447025099 5236345.209082205 -15652.06388137546, 1667993.677413307 5263626.499537718 -15652.06388137546, 1640876.590271983 5276030.618706696 -18938.61414139862, 1628397.359883776 5248749.328251183 -18938.61414139862))"
4,1,173.56533272958896,-42.634695138920456,173.3581354441328,-42.857552680313056,12.809826478411049,18.321186654924976,24.972658757946263,"POLYGON Z ((1605217.836698165 5271608.971424117 -24972.65875794626, 1629258.386687709 5254941.341866708 -18321.18665492498, 1646351.439363028 5279595.500749922 -18321.18665492498, 1622310.889373485 5296263.130307331 -24972.65875794626, 1605217.836698165 5271608.971424117 -24972.65875794626))"
4,2,173.29747947605657,-42.4779475420109,173.0665730984692,-42.687412423538895,21.96069570677453,25.002677072142134,36.221791085022254,"POLYGON Z ((1583920.094953335 5291513.611704248 -36221.79108502225, 1605453.689242756 5273894.423364694 -25002.67707214213, 1624451.335131689 5297112.723274005 -25002.67707214213, 1602917.740842269 5314731.911613558 -36221.79108502225, 1583920.094953335 5291513.611704248 -36221.79108502225))"
4,3,173.04642435970817,-42.32647139161383,172.79982767372235,-42.52551971266094,27.40745382672078,37.002428641245494,50.81188704672015,"POLYGON Z ((1563922.040410246 5309844.851137166 -50811.88704672015, 1583559.301143683 5291853.829781097 -37002.4286412455, 1603825.040059729 5313973.952434163 -37002.4286412455, 1584187.779326292 5331964.973790231 -50811.88704672015, 1563922.040410246 5309844.851137166 -50811.88704672015))"
5,0,174.10336985615362,-42.60774495540762,173.9180452072324,-42.84078334309093,5.859146039607345,14.806365522214215,17.868863072549317,"POLYGON Z ((1649459.774437496 5271858.896256326 -17868.86307254932, 1675021.516395217 5256456.998423882 -14806.36552221422, 1690504.298463654 5282152.979810497 -14806.36552221422, 1664942.556505933 5297554.877642941 -17868.86307254932, 1649459.774437496 5271858.896256326 -17868.86307254932))"
5,1,173.83035416485424,-42.45292837188171,173.6128790188362,-42.67004890261108,12.18240449348142,17.271446329633093,23.602185005858438,"POLYGON Z ((1626803.696873459 5293293.021568607 -23602.18500585844, 1650221.302325574 5275642.596567989 -17271.44632963309, 1668278.358767807 5299599.698075517 -17271.44632963309, 1644860.753315693 5317250.123076134 -23602.18500585844, 1626803.696873459 5293293.021568607 -23602.18500585844))"
5,2,173.5598009433394,-42.28826279696674,173.3314050381548,-42.49881918325295,21.590785870529114,23.575112441297566,34.614363165970126,"POLYGON Z ((1605583.3451709 5312378.093119408 -34614.36316597013, 1627230.796073922 5294784.832681414 -23575.11244129757, 1646151.62361391 5318065.775213924 -23575.11244129757, 1624504.172710888 5335659.035651919 -34614.36316597013, 1605583.3451709 5312378.093119408 -34614.36316597013))"
5,3,173.3062822802558,-42.128095203376496,173.07543227564236,-42.336828206883446,28.00043000576314,35.31075967606132,49.39510535532553,"POLYGON Z ((1585788.308246363 5329687.011031676 -49395.10535532553, 1606214.068452147 5312822.268910825 -35310.75967606132, 1625314.646511981 5335955.965497842 -35310.75967606132, 1604888.886306197 5352820.707618693 -49395.10535532553, 1585788.308246363 5329687.011031676 -49395.10535532553))"
6,0,174.362333235749,-42.41767854484458,174.17465480384664,-42.64943002856333,5.972293920497519,14.06954108943835,17.190967222241735,"POLYGON Z ((1670922.339701657 5293157.775780501 -17190.96722224174, 1696287.260527618 5277445.440168308 -14069.54108943835, 1712085.34299524 5302948.784857705 -14069.54108943835, 1686720.42216928 5318661.120469898 -17190.96722224174, 1670922.339701657 5293157.775780501 -17190.96722224174))"
6,1,174.09059665473137,-42.27051754693451,173.86038761792582,-42.479924544996045,11.757023415608396,16.595584016734843,22.708436897579347,"POLYGON Z ((1648166.267617262 5315394.265080407 -22708.43689757935, 1670717.571976212 5296577.472012321 -16595.58401673484, 1689937.591396141 5319612.029822219 -16595.58401673484, 1667386.287037192 5338428.822890306 -22708.43689757935, 1648166.267617262 5315394.265080407 -22708.43689757935))"
6,2,173.8188777190444,-42.10066249475933,173.5864016745182,-42.30832049283018,20.507011631795063,22.712774464369,33.22243461105673,"POLYGON Z ((1626881.532928034 5333977.112044326 -33222.43461105673, 1648329.332288366 5315823.904443461 -22712.774464369, 1667710.753638066 5338722.823773102 -22712.774464369, 1646262.954277735 5356876.031373966 -33222.43461105673, 1626881.532928034 5333977.112044326 -33222.43461105673))"
6,3,173.56111293529906,-41.93356857279501,173.3345603316829,-42.14447849644766,27.45658144974801,33.642319732824255,47.474608939019525,"POLYGON Z ((1606952.221883232 5350875.89030908 -47474.60893901953, 1627644.742233375 5334128.13294055 -33642.31973282425, 1646518.421597035 5357447.314471594 -33642.31973282425, 1625825.901246893 5374195.071840123 -47474.60893901953, 1606952.221883232 5350875.89030908 -47474.60893901953))"
7,0,174.61870505183205,-42.2211707813998,174.44048644482237,-42.456731646973076,7.649140913971551,12.699985192802323,16.693179535236897,"POLYGON Z ((1692779.851874758 5313523.310768709 -16693.1795352369, 1718441.900268949 5298506.198158166 -12699.98519280232, 1733593.838717921 5324398.644184731 -12699.98519280232, 1707931.79032373 5339415.756795273 -16693.1795352369, 1692779.851874758 5313523.310768709 -16693.1795352369))"
7,1,174.35127701234236,-42.09136142645611,174.10563494119575,-42.29039803324474,11.941871659464622,16.101619841210965,22.30919653100001,"POLYGON Z ((1669813.119938674 5337544.030811873 -22309.19653100001, 1691149.098454441 5317388.584589696 -16101.61984121096, 1711750.397366578 5339196.530002614 -16101.61984121096, 1690414.418850811 5359351.976224791 -22309.19653100001, 1669813.119938674 5337544.030811873 -22309.19653100001))"
7,2,174.0797016254072,-41.921126864826796,173.8330564677146,-42.11904343238098,19.1945201102853,22.17977877650284,32.04306846884837,"POLYGON Z ((1648325.540545281 5356187.721201488 -32043.06846884837, 1668863.264849941 5336670.615964526 -22179.77877650284, 1689529.236515584 5358417.28502245 -22179.77877650284, 1668991.512210924 5377934.390259411 -32043.06846884837, 1648325.540545281 5356187.721201488 -32043.06846884837))"
7,3,173.81895960225765,-41.748633524683626,173.58357341369157,-41.95365366029961,26.406101777919872,32.25010085958273,45.59201785416002,"POLYGON Z ((1628120.438882871 5372872.313240449 -45592.01785416002, 1648365.306476736 5355204.868970926 -32250.10085958273, 1668090.824433676 5377808.053289301 -32250.10085958273, 1647845.956839811 5395475.497558824 -45592.01785416002, 1628120.438882871 5372872.313240449 -45592.01785416002))"
8,0,174.99464638953955,-42.10640805724371,174.80952587959604,-42.33884210131901,11.124309690507213,8.299731934696785,14.087880817646717,"POLYGON Z ((1724075.516479573 5326572.339381321 -14087.88081764672, 1749065.308941749 5311015.745756553 -8299.731934696785, 1764919.794207969 5336484.065232781 -8299.731934696785, 1739930.001745793 5352040.65885755 -14087.88081764672, 1724075.516479573 5326572.339381321 -14087.88081764672))"
8,1,174.72813659311467,-41.975038250723685,174.4826966074351,-42.17387641769812,11.367672644682743,13.522829857759529,19.435956503728008,"POLYGON Z ((1701188.915851812 5350166.290070868 -19435.95650372801, 1722459.925689364 5329854.24749117 -13522.82985775953, 1743178.412340394 5351550.890339571 -13522.82985775953, 1721907.402502841 5371862.932919269 -19435.95650372801, 1701188.915851812 5350166.290070868 -19435.95650372801))"
8,2,174.45601906186027,-41.818216182173025,174.1921759009004,-42.00300666743538,15.832384934129461,19.260065784452856,27.444787943249548,"POLYGON Z ((1679315.298440838 5370559.233115909 -27444.78794324955, 1698729.282435724 5349202.558547296 -19260.06578445285, 1720928.092377396 5369382.073833187 -19260.06578445285, 1701514.10838251 5390738.7484018 -27444.78794324955, 1679315.298440838 5370559.233115909 -27444.78794324955))"
8,3,174.1896242220438,-41.64298991704544,173.93530461444587,-41.834607441258854,22.295538403688525,27.218697824085794,38.600221205635975,"POLYGON Z ((1658217.904184726 5387974.46477914 -38600.22120563598, 1677660.348564639 5368164.056352023 -27218.69782408579, 1699071.468050388 5389177.479737254 -27218.69782408579, 1679629.023670475 5408987.888164371 -38600.22120563598, 1658217.904184726 5387974.46477914 -38600.22120563598))"
8,4,173.93781326567745,-41.476216945984355,173.69331476659724,-41.674467920771356,27.57897177862182,39.23721291421126,53.12633561951809,"POLYGON Z ((1638371.954246563 5404385.34980654 -53126.33561951809, 1657710.562525039 5386134.034776423 -39237.21291421126, 1678301.559329087 5407951.707672855 -39237.21291421126, 1658962.951050611 5426203.022702971 -53126.33561951809, 1638371.954246563 5404385.34980654 -53126.33561951809))"
9,0,175.37455365266385,-42.05301199221323,175.09124332556678,-42.22177166244541,13.914977804495452,3.328047546444794,10.542501282630461,"POLYGON Z ((1754998.283122829 5346686.144582433 -10542.50128263046, 1772592.915662271 5323483.11540324 -3328.047546444794, 1796497.455846263 5341609.696950567 -3328.047546444794, 1778902.823306821 5364812.72612976 -10542.50128263046, 1754998.283122829 5346686.144582433 -10542.50128263046))"
9,1,175.10350982638903,-41.88678033411095,174.82048718555993,-42.055164218417445,12.389699360895307,10.704430422481552,17.141222547173456,"POLYGON Z ((1732904.39250214 5365819.126752666 -17141.22254717346, 1750640.779828606 5342495.570596945 -10704.43042248155, 1774520.473325896 5360654.872303658 -10704.43042248155, 1756784.085999431 5383978.42845938 -17141.22254717346, 1732904.39250214 5365819.126752666 -17141.22254717346))"
9,2,174.8324238975266,-41.70625160970764,174.56425327789083,-41.887103694772556,13.573987538064287,16.84163595774327,23.882660424833606,"POLYGON Z ((1710687.04775224 5383619.706298609 -23882.6604248336, 1729778.249730061 5361575.433085462 -16841.63595774327, 1752455.96468632 5381215.220364419 -16841.63595774327, 1733364.762708499 5403259.493577566 -23882.6604248336, 1710687.04775224 5383619.706298609 -23882.6604248336))"
9,3,174.56318672917757,-41.52139931940041,174.31708890804236,-41.71860457481771,18.20446202080768,23.788099192655185,33.16036614750984,"POLYGON Z ((1689084.789959748 5400451.830947271 -33160.36614750984, 1709558.537859969 5380627.949918442 -23788.09919265518, 1730426.929359969 5402180.449453361 -23788.09919265518, 1709953.181459748 5422004.33048219 -33160.36614750984, 1689084.789959748 5400451.830947271 -33160.36614750984))"
9,4,174.30067825686496,-41.346683838141836,174.06872418597777,-41.5529571152524,24.28390160368511,33.23142608566753,45.56917404671656,"POLYGON Z ((1668493.944201148 5417251.494998702 -45569.17404671656, 1689126.608135451 5399305.098306783 -33231.42608566753, 1708815.061554826 5421940.574929844 -33231.42608566753, 1688182.397620523 5439886.971621763 -45569.17404671656, 1668493.944201148 5417251.494998702 -45569.17404671656))"
10,0,175.696258209562,-41.96711520400356,175.35868137299707,-42.064873868474955,15.352722193324952,3.0871849152078914,11.029999932629282,"POLYGON Z ((1785476.196893438 5367593.841345435 -11029.99993262928, 1795147.582132043 5340328.918877811 -3087.184915207891, 1823421.481295622 5350358.207291638 -3087.184915207891, 1813750.096057017 5377623.129759262 -11029.99993262928, 1785476.196893438 5367593.841345435 -11029.99993262928))"
10,1,175.43302811353172,-41.78793445032041,175.10839608703333,-41.906380661406615,11.881530775923991,10.811494888177432,16.988157493798347,"POLYGON Z ((1762700.107538129 5385183.468820046 -16988.15749379835, 1774872.384167418 5358468.59429823 -10811.49488817743, 1802172.145038754 5370907.366599704 -10811.49488817743, 1789999.868409465 5397622.24112152 -16988.15749379835, 1762700.107538129 5385183.468820046 -16988.15749379835))"
10,2,175.1715055133398,-41.5746274490394,174.89492444990987,-41.74768007753024,10.687345015425407,16.273044316027107,21.836531717302748,"POLYGON Z ((1739208.052667618 5399577.512449934 -21836.53171730275, 1757554.878657641 5376502.816698361 -16273.04431602711, 1781036.898671553 5395173.508599472 -16273.04431602711, 1762690.07268153 5418248.204351045 -21836.53171730275, 1739208.052667618 5399577.512449934 -21836.53171730275))"
10,3,174.89760105067987,-41.36678069007749,174.67304885410923,-41.57763215048307,14.445247044224311,21.50393717049479,28.987578447950785,"POLYGON Z ((1717177.839615589 5414391.534713019 -28987.57844795079, 1739472.805609094 5395765.488310767 -21503.93717049479, 1758706.91002012 5418788.286305489 -21503.93717049479, 1736411.944026615 5437414.33270774 -28987.57844795079, 1717177.839615589 5414391.534713019 -28987.57844795079))"
10,4,174.62732367142223,-41.186669959198376,174.4223280565517,-41.40824674114459,20.880029670892444,28.889837339798184,39.58220821659512,"POLYGON Z ((1696178.05909699 5431386.100900403 -39582.20821659512, 1718880.394953365 5414945.992880764 -28889.83733979818, 1736476.030195097 5439244.009681317 -28889.83733979818, 1713773.694338722 5455684.117700956 -39582.20821659512, 1696178.05909699 5431386.100900403 -39582.20821659512))"
10,5,174.37124491647248,-41.019160425382715,174.17842127149322,-41.2466592108365,25.06341817504293,40.21471368089666,52.92334832581121,"POLYGON Z ((1676074.327373753 5448186.948851215 -52923.34832581121, 1698737.566234481 5433191.342501231 -40214.71368089666, 1715291.941600721 5458210.388371 -40214.71368089666, 1692628.702739994 5473205.994720984 -52923.34832581121, 1676074.327373753 5448186.948851215 -52923.34832581121))"
11,0,176.0937141337279,-41.85016390323586,175.76368032536115,-41.96025544506151,13.877243836194335,3.667278560717365,10.862553083451317,"POLYGON Z ((1818073.466646841 5377925.262310565 -10862.55308345132, 1829033.361392762 5350941.772326858 -3667.278560717365, 1856828.130191824 5362231.184508487 -3667.278560717365, 1845868.235445903 5389214.674492194 -10862.55308345132, 1818073.466646841 5377925.262310565 -10862.55308345132))"
11,1,175.82973186592534,-41.665463887694536,175.51916978425604,-41.80262019123806,9.769116571423009,10.962780210179757,16.05312988070151,"POLYGON Z ((1795065.632027731 5394992.64027034 -16053.12988070151, 1809282.775273036 5369070.426279743 -10962.78021017976, 1835586.405014348 5383496.758538221 -10962.78021017976, 1821369.261769043 5409418.972528818 -16053.12988070151, 1795065.632027731 5394992.64027034 -16053.12988070151))"
11,2,175.56125984603239,-41.4429842544013,175.31543467034646,-41.640051616500116,7.37393294526079,15.418756653403785,19.269089150993832,"POLYGON Z ((1771716.324430437 5408546.941177951 -19269.08915099383, 1792841.90060684 5387597.359538382 -15418.75665340379, 1813966.187363135 5408899.108505024 -15418.75665340379, 1792840.611186731 5429848.690144593 -19269.08915099383, 1771716.324430437 5408546.941177951 -19269.08915099383))"
11,3,175.28136611068425,-41.245281196084726,175.07604624613694,-41.46671309422378,10.07608931522211,18.738429248690192,23.98710498248601,"POLYGON Z ((1749585.434212201 5424870.517105272 -23987.10498248601, 1773366.007874788 5407350.936079467 -18738.42924869019, 1791160.039085614 5431504.040502463 -18738.42924869019, 1767379.465423027 5449023.621528268 -23987.10498248601, 1749585.434212201 5424870.517105272 -23987.10498248601))"
11,4,175.01016698909297,-41.081008241367556,174.7964757429022,-41.29763030655495,16.20315639655909,23.786771534816545,32.15809176662088,"POLYGON Z ((1727690.13234719 5444360.904318964 -32158.09176662088, 1750407.90092844 5426645.826326887 -23786.77153481654, 1768855.758929848 5450303.310029933 -23786.77153481654, 1746137.990348598 5468018.38802201 -32158.09176662088, 1727690.13234719 5444360.904318964 -32158.09176662088))"
11,5,174.74628084355558,-40.914589449901186,174.53390903175395,-41.13168425942823,21.77580194006843,32.25808496386936,43.38735505247952,"POLYGON Z ((1706679.447730801 5462492.815918111 -43387.35505247952, 1728749.106167689 5445490.771224197 -32258.08496386935, 1747057.597453858 5469256.274518347 -32258.08496386935, 1724987.93901697 5486258.319212262 -43387.35505247952, 1706679.447730801 5462492.815918111 -43387.35505247952))"
12,0,176.4661210570293,-41.71734608059676,176.14510036880492,-41.84038775734785,10.77352634187049,4.513929045860201,10.121751835468768,"POLYGON Z ((1848720.5946727 5389890.893246866 -10121.75183546877, 1861134.28172591 5363161.645271936 -4513.929045860201, 1888343.120145449 5375798.065329031 -4513.929045860201, 1875929.43309224 5402527.313303961 -10121.75183546877, 1848720.5946727 5389890.893246866 -10121.75183546877))"
12,1,176.20211463718996,-41.492856190781396,175.94831891482755,-41.684157287263595,7.194723256255673,10.309290759560588,14.066546640248832,"POLYGON Z ((1825062.872731071 5402832.025019496 -14066.54664024883, 1845389.168499614 5381089.791266344 -10309.29075956059, 1867303.954017328 5401577.401564096 -10309.29075956059, 1846977.658248785 5423319.635317248 -14066.54664024883, 1825062.872731071 5402832.025019496 -14066.54664024883))"
12,2,175.90187073452853,-41.2459060082406,175.77542495650763,-41.49859251997989,5.9162123278624605,13.670363411899686,16.762583180482963,"POLYGON Z ((1804098.247164633 5413606.852369665 -16762.58318048296, 1831660.879017342 5402172.714787197 -13670.36341189969, 1843156.244465094 5429882.939853455 -13670.36341189969, 1815593.612612384 5441317.077435923 -16762.58318048296, 1804098.247164633 5413606.852369665 -16762.58318048296))"
12,3,175.63271066356094,-41.09022413523995,175.4795614347551,-41.334295495556454,8.312838975305453,16.13438961918296,20.471727599591084,"POLYGON Z ((1781045.690930798 5434659.836194219 -20471.72759959108, 1807486.114662851 5421165.708133718 -16134.38961918296, 1821123.525316522 5447886.880088989 -16134.38961918296, 1794683.101584469 5461381.00814949 -20471.72759959108, 1781045.690930798 5434659.836194219 -20471.72759959108))"
12,4,175.37167703799852,-40.962166921356705,175.14963026569512,-41.17365318367628,14.217187392297218,20.090294310476004,27.4582398827703,"POLYGON Z ((1758025.976645618 5458414.146921128 -27458.2398827703, 1780317.589849421 5439738.029583315 -20090.29431047601, 1799583.798009021 5462733.968858564 -20090.29431047601, 1777292.184805219 5481410.086196377 -27458.2398827703, 1758025.976645618 5458414.146921128 -27458.2398827703))"
12,5,175.10844600398121,-40.817661120710376,174.85554044797527,-41.007861358560525,20.002376998702573,27.808312892822226,38.0700867191935,"POLYGON Z ((1736650.889689737 5479176.469143839 -38070.0867191935, 1756039.093835332 5458712.023440494 -27808.31289282222, 1777817.230943874 5479344.83091019 -27808.31289282222, 1758429.026798278 5499809.276613534 -38070.0867191935, 1736650.889689737 5479176.469143839 -38070.0867191935))"
12,6,174.85198799472047,-40.65558462035682,174.5996011658584,-40.845747561475356,21.49954914559015,38.21322595551683,49.208043116191625,"POLYGON Z ((1715592.966584859 5497346.020099551 -49208.04311619163, 1734844.619655639 5477134.937752343 -38213.22595551683, 1756567.145536992 5497826.285444892 -38213.22595551683, 1737315.492466212 5518037.367792101 -49208.04311619163, 1715592.966584859 5497346.020099551 -49208.04311619163))"
13,0,176.86685942035663,-41.607100965962886,176.55081170576148,-41.73630240340334,8.073488233186335,4.695862772219866,8.90915623655598,"POLYGON Z ((1882219.830402808 5400071.798280812 -8909.15623655598, 1895302.536157073 5373405.509293952 -4695.862772219866, 1922235.767150861 5386619.179042938 -4695.862772219866, 1909153.061396596 5413285.468029798 -8909.15623655598, 1882219.830402808 5400071.798280812 -8909.15623655598))"
13,1,176.59830212945977,-41.39721735331576,176.3312972252871,-41.577667730108274,5.336240924379046,9.059547210146151,11.849558854711772,"POLYGON Z ((1858664.984279409 5414749.743656797 -11849.55885471177, 1877725.748055243 5391751.849855298 -9059.547210146151, 1900823.746910615 5410895.581175948 -9059.547210146151, 1881762.983134782 5433893.474977447 -11849.55885471177, 1858664.984279409 5414749.743656797 -11849.55885471177))"
13,2,176.2955459049615,-41.137464628962405,176.17441532399113,-41.39151475195463,4.228495839784662,11.446226320188076,13.658252279450238,"POLYGON Z ((1837649.351419348 5424085.269259032 -13658.25227945024, 1865404.464254264 5412915.638438066 -11446.22632018808, 1876604.582590977 5440746.508874394 -11446.22632018808, 1848849.469756061 5451916.139695359 -13658.25227945024, 1837649.351419348 5424085.269259032 -13658.25227945024))"
13,3,176.02479407850709,-40.98062668025079,175.87993478142525,-41.227435408163835,6.503147697706231,13.117102618181056,16.514836562335628,"POLYGON Z ((1814568.541634528 5445005.78525761 -16514.83656233563, 1841385.969119985 5431994.98254959 -13117.10261818106, 1854481.030230174 5458986.080610255 -13117.10261818106, 1827663.602744717 5471996.883318274 -16514.83656233563, 1814568.541634528 5445005.78525761 -16514.83656233563))"
13,4,175.76396102051865,-40.85443129606425,175.54689473211545,-41.06860159811115,12.073306457252052,16.198695305590572,22.473585321597927,"POLYGON Z ((1791275.98890353 5469073.699551497 -22473.58532159793, 1813985.278914391 5450501.841742176 -16198.69530559057, 1832977.223537501 5473724.805365123 -16198.69530559057, 1810267.93352664 5492296.663174444 -22473.58532159793, 1791275.98890353 5469073.699551497 -22473.58532159793))"
13,5,175.49767061622663,-40.712135039539795,175.2450374813154,-40.90218247930488,19.431562283963217,22.64120410219752,32.62162421839334,"POLYGON Z ((1769743.619192451 5490310.999879628 -32621.62421839335, 1789096.9461089 5469675.109989215 -22641.20410219752, 1810979.262856773 5490197.395771889 -22641.20410219752, 1791625.935940323 5510833.285662303 -32621.62421839335, 1769743.619192451 5490310.999879628 -32621.62421839335))"
13,6,175.24104037797522,-40.56501625125679,174.9707037189448,-40.73992588785156,21.93790900260883,33.12127061663966,44.3293183647713,"POLYGON Z ((1748890.346103851 5509878.476039891 -44329.31836477129, 1766393.887231502 5488245.036330306 -33121.27061663966, 1789716.105855441 5507114.962627386 -33121.27061663966, 1772212.56472779 5528748.402336971 -44329.31836477129, 1748890.346103851 5509878.476039891 -44329.31836477129))"
13,7,174.9854061457493,-40.40967687971637,174.7086902652007,-40.57812090278211,20.546239043654857,43.58715560634096,54.11605111597486,"POLYGON Z ((1727569.680955526 5528997.002742147 -54116.05111597486, 1744619.173684741 5506670.848639309 -43587.15560634096, 1768461.986806043 5524878.546529561 -43587.15560634096, 1751412.494076828 5547204.700632399 -54116.05111597486, 1727569.680955526 5528997.002742147 -54116.05111597486))"
14,0,177.2270222396122,-41.42392255587649,176.96574178795595,-41.60898152942264,7.970256503680653,4.241648690369773,8.401419060799826,"POLYGON Z ((1911140.047783708 5408599.659499956 -8401.419060799826, 1930467.832128167 5386035.682394858 -4241.648690369773, 1953251.899148549 5405551.990703827 -4241.648690369773, 1933924.11480409 5428115.967808926 -8401.419060799826, 1911140.047783708 5408599.659499956 -8401.419060799826))"
14,1,176.9484265439577,-41.25579892813551,176.69084606497253,-41.44332826594334,4.763427252414426,8.491564929808339,10.982817433606627,"POLYGON Z ((1888537.995977142 5427844.282733412 -10982.81743360663, 1908343.3791896 5405449.183788108 -8491.564929808339, 1930816.097351731 5425323.210516617 -8491.564929808339, 1911010.714139272 5447718.309461921 -10982.81743360663, 1888537.995977142 5427844.282733412 -10982.81743360663))"
14,2,176.669182646239,-41.082615146642574,176.41934666802825,-41.27559352456577,3.197925213466702,10.598287012612086,12.271847499505496,"POLYGON Z ((1865851.651921196 5446807.454790488 -12271.8474995055, 1886393.450810841 5425007.599431471 -10598.28701261209, 1908227.306178524 5445581.436209844 -10598.28701261209, 1887685.507288878 5467381.291568861 -12271.8474995055, 1865851.651921196 5446807.454790488 -12271.8474995055))"
14,3,176.39091995269277,-40.91750523916595,176.1366751227919,-41.10674104244364,4.999064521541972,11.957020910544834,14.571205241146254,"POLYGON Z ((1843256.475437576 5466736.15099805 -14571.20524114625, 1863391.197347759 5444650.88410165 -11957.02091054483, 1885560.794710752 5464862.488510078 -11957.02091054483, 1865426.072800569 5486947.755406478 -14571.20524114625, 1843256.475437576 5466736.15099805 -14571.20524114625))"
14,4,176.1144335251997,-40.74778138101475,175.8610263416356,-40.9372245067302,10.16324815670015,14.231757456953945,19.525359482170185,"POLYGON Z ((1820873.49779859 5486007.750818213 -19525.35948217018, 1840859.176963631 5464269.526283751 -14231.75745695394, 1862943.93352719 5484573.799910955 -14231.75745695394, 1842958.254362149 5506312.024445417 -19525.35948217018, 1820873.49779859 5486007.750818213 -19525.35948217018))"
14,5,175.84294270761237,-40.57710435237789,175.59327094097966,-40.76896564540002,17.83769790143294,19.49706491315779,28.68671575311543,"POLYGON Z ((1799213.711504757 5504371.436332302 -28686.71575311543, 1818868.975840483 5483653.789232971 -19497.06491315779, 1840632.854969061 5504301.63573755 -19497.06491315779, 1820977.590633336 5525019.282836881 -28686.71575311543, 1799213.711504757 5504371.436332302 -28686.71575311543))"
14,6,175.58401260164757,-40.41569020555039,175.33419282722423,-40.607033059873295,22.850803920831087,29.286412759467197,40.9363981422138,"POLYGON Z ((1778448.048005165 5522298.070150843 -40936.39814221379, 1797478.927861354 5502245.552790643 -29286.4127594672, 1819239.209988129 5522897.190056562 -29286.4127594672, 1800208.33013194 5542949.707416763 -40936.39814221379, 1778448.048005165 5522298.070150843 -40936.39814221379))"
14,7,175.33332759316062,-40.26685487269419,175.07239591022932,-40.44890452000024,21.9945275656354,41.11022848504933,52.345769520803,"POLYGON Z ((1757514.608003512 5541367.376322742 -52345.76952080301, 1775741.398470235 5520354.363047248 -41110.22848504933, 1798403.788912609 5540011.831333815 -41110.22848504933, 1780176.998445886 5561024.844609309 -52345.76952080301, 1757514.608003512 5541367.376322742 -52345.76952080301))"
15,0,177.54670955607924,-41.28799553450937,177.2654748745369,-41.45502773852079,8.016007096686234,3.224359075715307,7.407851671496852,"POLYGON Z ((1939113.028040056 5426173.061952523 -7407.851671496852, 1956295.602320321 5401939.664939224 -3224.359075715307, 1980768.116639392 5419291.784201807 -3224.359075715307, 1963585.542359126 5443525.181215107 -7407.851671496852, 1939113.028040056 5426173.061952523 -7407.851671496852))"
15,1,177.26984725542437,-41.098213129904224,177.02086129629674,-41.291710834224645,5.148594876361685,7.69581496302632,10.387986392569074,"POLYGON Z ((1916292.696304588 5442879.235964601 -10387.98639256907, 1936701.362736929 5421056.345517931 -7695.814963026321, 1958612.658418538 5441547.688117993 -7695.814963026321, 1938203.991986196 5463370.578564663 -10387.98639256907, 1916292.696304588 5442879.235964601 -10387.98639256907))"
15,2,176.98698897965068,-40.90133899527349,176.78209110698538,-41.122140657374494,3.3518256884985775,10.209237607939563,11.963248577371376,"POLYGON Z ((1893812.791115427 5459082.260219444 -11963.24857737138, 1917523.226861101 5440786.395050794 -10209.23760793956, 1935850.443668522 5464537.460797276 -10209.23760793956, 1912140.007922849 5482833.325965926 -11963.24857737138, 1893812.791115427 5459082.260219444 -11963.24857737138))"
15,3,176.71007667594992,-40.73992729387293,176.49557686647952,-40.955195447163156,4.384100823782451,11.748616316344062,14.041886817657865,"POLYGON Z ((1871117.87266486 5479345.080787944 -14041.88681765787, 1894208.344982692 5460330.060447506 -11748.61631634406, 1913279.166492895 5483488.293690264 -11748.61631634406, 1890188.694175063 5502503.314030702 -14041.88681765787, 1871117.87266486 5479345.080787944 -14041.88681765787))"
15,4,176.43497244080072,-40.58276884887656,176.20411303008407,-40.787746412784585,8.355841820673282,13.786963716311046,18.146580141446645,"POLYGON Z ((1848566.873391136 5500020.546463998 -18146.58014144664, 1870354.305761017 5479863.623699013 -13786.96371631105, 1890727.497573495 5501884.819292622 -13786.96371631105, 1868940.065203614 5522041.742057607 -18146.58014144664, 1848566.873391136 5500020.546463998 -18146.58014144664))"
15,5,176.1615463833684,-40.414410265233826,175.93137696773823,-40.619519765593225,15.000933958383705,18.01232431176576,25.777368020341722,"POLYGON Z ((1826617.323443782 5518945.386437962 -25777.36802034172, 1847962.199071759 5499346.907399269 -18012.32431176576, 1868252.126216722 5521444.845231839 -18012.32431176576, 1846907.250588744 5541043.324270532 -25777.36802034172, 1826617.323443782 5518945.386437962 -25777.36802034172))"
15,6,175.89606541295333,-40.24580292863784,175.67259846897255,-40.454892827772085,21.60321991758167,25.964933860326052,37.010237975353796,"POLYGON Z ((1805597.766659437 5536648.444945267 -37010.2379753538, 1826624.328509447 5518321.280577198 -25964.93386032605, 1846336.132874781 5540936.425252012 -25964.93386032605, 1825309.571024771 5559263.589620082 -37010.2379753538, 1805597.766659437 5536648.444945267 -37010.2379753538))"
15,7,175.64408042725088,-40.09085120251615,175.41653621859749,-40.29705898324833,23.733662303843854,37.41458099405916,49.48915126031105,"POLYGON Z ((1784938.42401296 5554799.687889605 -49489.15126031105, 1805388.248879772 5536469.128274524 -37414.58099405916, 1825412.318474927 5558808.256208451 -37414.58099405916, 1804962.493608115 5577138.815823532 -49489.15126031105, 1784938.42401296 5554799.687889605 -49489.15126031105))"
16,0,177.8261301344126,-41.09114344829101,177.56933891768492,-41.27853591596477,7.036972085137146,3.983000505672608,7.65829428821052,"POLYGON Z ((1963220.678650216 5442743.811948263 -7658.29428821052, 1982719.149639943 5420242.659873873 -3983.000505672608, 2005391.082478765 5439889.121676243 -3983.000505672608, 1985892.611489038 5462390.273750633 -7658.29428821052, 1963220.678650216 5442743.811948263 -7658.29428821052))"
16,1,177.5436894979658,-40.89317962330757,177.3346248786913,-41.11157878928012,4.219899163460072,7.654330642890288,9.861867620683244,"POLYGON Z ((1940685.249483617 5458568.005845991 -9861.867620683244, 1963980.588628515 5439794.248773527 -7654.330642890289, 1982805.380067927 5463152.91370247 -7654.330642890289, 1959510.04092303 5481926.670774934 -9861.867620683244, 1940685.249483617 5458568.005845991 -9861.867620683244))"
16,2,177.2393110655788,-40.6689783521588,177.13207834306354,-40.92622150491641,3.016822906057065,9.595801290715944,11.174676291534524,"POLYGON Z ((1919849.603183052 5471607.274807444 -11174.67629153452, 1947944.527370041 5461206.198485299 -9595.801290715943, 1958360.038287526 5489340.112758428 -9595.801290715943, 1930265.114100536 5499741.189080573 -11174.67629153452, 1919849.603183052 5471607.274807444 -11174.67629153452))"
16,3,176.96192108816777,-40.50289610251631,176.8523069976593,-40.75955301467041,4.156207669324921,10.764320325303546,12.938597566858306,"POLYGON Z ((1897182.584325289 5491303.867544559 -12938.59756685831, 1925195.966365065 5480790.878189936 -10764.32032530355, 1935736.676064312 5508878.125100878 -10764.32032530355, 1907723.294024535 5519391.114455501 -12938.59756685831, 1897182.584325289 5491303.867544559 -12938.59756685831))"
16,4,176.70057609386774,-40.36342741619572,176.53857102596388,-40.60337697427436,7.6567024599076,12.724911833998018,16.722030127717822,"POLYGON Z ((1873559.336530539 5513945.960612522 -16722.03012771782, 1899405.452554435 5499248.976846277 -12724.91183399802, 1914234.650961611 5525327.605541065 -12724.91183399802, 1888388.534937714 5540024.589307311 -16722.03012771782, 1873559.336530539 5513945.960612522 -16722.03012771782))"
16,5,176.43242418719421,-40.212512833818536,176.2427372823085,-40.440173734911625,13.565153849793093,16.41384447115849,23.45037274192527,"POLYGON Z ((1851056.987132272 5534930.903128698 -23450.37274192527, 1875037.115290293 5518334.49618564 -16413.84447115849, 1892109.784318486 5543002.774849823 -16413.84447115849, 1868129.656160465 5559599.181792881 -23450.37274192527, 1851056.987132272 5534930.903128698 -23450.37274192527))"
16,6,176.167230367492,-40.05427498016964,175.96771909871455,-40.276769226512734,20.319029422286405,23.561979555950266,33.97939345001207,"POLYGON Z ((1829703.116617527 5554033.22962528 -33979.39345001207, 1852316.628814173 5537296.845490947 -23561.97955595027, 1870163.56236594 5561410.886272176 -23561.97955595027, 1847550.050169294 5578147.270406509 -33979.39345001207, 1829703.116617527 5554033.22962528 -33979.39345001207))"
16,7,175.9132719508104,-39.90112066352875,175.70479355116206,-40.11850367664915,24.66807660050449,34.22090987173152,46.74173437849346,"POLYGON Z ((1809075.422021818 5572447.23990375 -46741.73437849346, 1830495.445871549 5555582.73481324 -34220.90987173152, 1849053.547366025 5579153.83722532 -34220.90987173152, 1827633.523516293 5596018.342315829 -46741.73437849346, 1809075.422021818 5572447.23990375 -46741.73437849346))"
17,0,178.01041961613643,-40.78922624095974,177.8888040980776,-41.04262914736653,6.648307046747719,4.005126996048701,7.478366166825071,"POLYGON Z ((1983582.001940789 5456746.501089499 -7478.366166825072, 2010960.150320052 5444983.270198895 -4005.126996048701, 2022803.018493884 5472546.769131673 -4005.126996048701, 1995424.870114621 5484310.000022277 -7478.366166825072, 1983582.001940789 5456746.501089499 -7478.366166825072))"
17,1,177.71694167953436,-40.60412280904035,177.636970239853,-40.86691538086605,4.127285195463271,7.1789877498275185,9.33816076874916,"POLYGON Z ((1962071.362013331 5473949.058511704 -9338.160768749161, 1990821.547959508 5465656.605320118 -7178.987749827518, 1999135.562537175 5494481.545243774 -7178.987749827518, 1970385.376590999 5502773.998435359 -9338.160768749161, 1962071.362013331 5473949.058511704 -9338.160768749161))"
17,2,177.4327483775506,-40.43163080497798,177.36685793172663,-40.69671657726635,2.9891059825144315,8.947899663151212,10.512282045139292,"POLYGON Z ((1939872.298939563 5492774.61477734 -10512.28204513929, 1968991.679412315 5485730.866581524 -8947.899663151211, 1976045.023911303 5514889.918887431 -8947.899663151211, 1946925.643438552 5521933.667083247 -10512.28204513929, 1939872.298939563 5492774.61477734 -10512.28204513929))"
17,3,177.17884128220356,-40.29824674870317,177.04518951357193,-40.54803948578779,4.098796832212926,10.106130562675412,12.250425527251316,"POLYGON Z ((1915424.694489365 5516147.540306815 -12250.42552725132, 1942564.383697278 5503544.395111953 -10106.13056267541, 1955199.846817028 5530753.677935089 -10106.13056267541, 1928060.157609115 5543356.823129951 -12250.42552725132, 1915424.694489365 5516147.540306815 -12250.42552725132))"
17,4,176.91372434098224,-40.155799215510505,176.73650434521204,-40.38911262948296,7.682363971521319,12.019853838075733,16.03028827039682,"POLYGON Z ((1892137.372285673 5538394.214334147 -16030.28827039682, 1917165.542147686 5522347.185667683 -12019.85383807573, 1933357.907092011 5547602.03307387 -12019.85383807573, 1908329.737229998 5563649.061740334 -16030.28827039682, 1892137.372285673 5538394.214334147 -16030.28827039682))"
17,5,176.64266433664247,-39.996671198076555,176.45275805570319,-40.22389389416534,13.534633571263411,15.807452919139998,22.828445603291797,"POLYGON Z ((1869892.440256007 5558391.571863967 -22828.4456032918, 1893791.379968095 5541671.932443002 -15807.45291914, 1910988.609991272 5566253.536937623 -15807.45291914, 1887089.670279183 5582973.176358588 -22828.4456032918, 1869892.440256007 5558391.571863967 -22828.4456032918))"
17,6,176.37673055382422,-39.835370134797216,176.18260658011891,-40.06030486094112,20.421708700247628,22.895001233632733,33.36281565770264,"POLYGON Z ((1848620.350263465 5577100.922930092 -33362.81565770264, 1871451.425057341 5560694.616674884 -22895.00123363273, 1888958.023616869 5585056.862196911 -22895.00123363273, 1866126.948822992 5601463.168452119 -33362.81565770264, 1848620.350263465 5577100.922930092 -33362.81565770264))"
17,7,176.12363649718347,-39.68385801380721,175.91881747450228,-39.902900777645655,25.84549273276661,33.58924151515719,46.66761591668773,"POLYGON Z ((1828169.921120326 5595465.777107823 -46667.61591668773, 1849521.239940776 5578940.726195922 -33589.24151515719, 1867882.960205766 5602665.127746019 -33589.24151515719, 1846531.641385317 5619190.178657919 -46667.61591668773, 1828169.921120326 5595465.777107823 -46667.61591668773))"
18,0,178.1837519439078,-40.539700361923934,178.10129805662874,-40.80192462095341,7.05350662079113,2.6085671825101766,6.2924530604848385,"POLYGON Z ((2001893.346161501 5479308.634871719 -6292.453060484839, 2030392.452384134 5470692.955597911 -2608.567182510177, 2039073.83313633 5499409.390408579 -2608.567182510177, 2010574.726913697 5508025.069682388 -6292.453060484839, 2001893.346161501 5479308.634871719 -6292.453060484839))"
18,1,177.90492419510235,-40.37444797107709,177.82479728428154,-40.637127465036826,4.811873215320795,6.048399888242138,8.564930132074961,"POLYGON Z ((1979366.973123361 5498695.962540588 -8564.930132074962, 2008063.857179194 5490320.049395264 -6048.399888242138, 2016469.395665336 5519118.433425588 -6048.399888242138, 1987772.511609504 5527494.346570912 -8564.930132074962, 1979366.973123361 5498695.962540588 -8564.930132074962))"
18,2,177.64278688716703,-40.231416977919984,177.5176724885265,-40.48364189979706,3.4464388432889597,8.288557393111352,10.092020535669157,"POLYGON Z ((1955545.965329859 5520808.638703568 -10092.02053566916, 1982955.641438989 5508748.075852438 -8288.557393111352, 1995038.056163681 5536207.41405314 -8288.557393111352, 1967628.380054552 5548267.97690427 -10092.02053566916, 1955545.965329859 5520808.638703568 -10092.02053566916))"
18,3,177.382170231447,-40.103396663258316,177.19060948434714,-40.32977893376317,4.497042819338303,9.819884505279601,12.172113770933892,"POLYGON Z ((1931759.67354646 5544674.884680737 -12172.11377093389, 1956034.444017812 5527204.837856387 -9819.8845052796, 1973558.440535403 5551554.571860097 -9819.8845052796, 1949283.670064051 5569024.618684447 -12172.11377093389, 1931759.67354646 5544674.884680737 -12172.11377093389))"
18,4,177.10917235998926,-39.94693419728773,176.9017452790088,-40.16474378947545,7.941752829892915,11.9906119088194,16.13560144424238,"POLYGON Z ((1909130.283978965 5565262.389367761 -16135.60144424238, 1932293.616319571 5546653.813478406 -11990.6119088194, 1951082.394610051 5570041.455735615 -11990.6119088194, 1927919.062269446 5588650.03162497 -16135.60144424238, 1909130.283978965 5565262.389367761 -16135.60144424238))"
18,5,176.83571739053681,-39.777274658901334,176.63326274235297,-39.99762605943366,13.520625213703612,15.950242869507944,22.964104281306877,"POLYGON Z ((1887098.546895457 5584012.48004627 -22964.10428130688, 1910181.443327979 5566180.328174397 -15950.24286950794, 1928521.885473889 5589921.182874523 -15950.24286950794, 1905438.989041367 5607753.334746396 -22964.10428130688, 1887098.546895457 5584012.48004627 -22964.10428130688))"
18,6,176.56880019319917,-39.61185273449863,176.3688651997446,-39.83337021371251,20.816923907219948,22.93806497320586,33.59955718604044,"POLYGON Z ((1865925.876436024 5602216.905552434 -33599.55718604045, 1888293.191294868 5585304.312321324 -22938.06497320586, 1906386.930332962 5609233.721165283 -22938.06497320586, 1884019.615474118 5626146.314396393 -33599.55718604045, 1865925.876436024 5602216.905552434 -33599.55718604045))"
18,7,176.31662393747249,-39.46114990834827,176.1060562995575,-39.67649703287225,27.448765436540068,33.826132976064486,47.65479057074181,"POLYGON Z ((1845761.69909536 5620348.140396698 -47654.79057074181, 1866403.320831534 5603534.702876968 -33826.13297606449, 1885349.674857146 5626794.876331528 -33826.13297606449, 1864708.053120972 5643608.313851258 -47654.79057074181, 1845761.69909536 5620348.140396698 -47654.79057074181))"
19,0,178.27162230911372,-40.26608758463925,178.1404006230652,-40.51635110910969,6.393334868816076,3.229710592184348,6.570310430283867,"POLYGON Z ((2008581.607959446 5514924.418845393 -6570.310430283867, 2035551.961741563 5502218.498587925 -3229.710592184348, 2048337.396156963 5529357.633924363 -3229.710592184348, 2021367.042374846 5542063.554181831 -6570.310430283867, 2008581.607959446 5514924.418845393 -6570.310430283867))"
19,1,178.00164845160427,-40.11642014754268,177.84449488746287,-40.357734608740586,4.619500373291804,6.492311391309318,8.90845646436215,"POLYGON Z ((1985466.169957663 5536077.404948889 -8908.456464362151, 2011438.349977806 5521258.224540135 -6492.311391309318, 2026305.82700858 5547315.04949521 -6492.311391309318, 2000333.646988437 5562134.229903964 -8908.456464362151, 1985466.169957663 5536077.404948889 -8908.456464362151))"
19,2,177.7346937727299,-39.981934462742515,177.52775366106812,-40.1999146179487,4.25614466108217,8.76198968777045,10.988452870778826,"POLYGON Z ((1962203.174344447 5559074.485955779 -10988.45287077882, 1985425.736101067 5540213.004382089 -8761.98968777045, 2004339.377115678 5563499.785687595 -8761.98968777045, 1981116.815359058 5582361.267261285 -10988.45287077882, 1962203.174344447 5559074.485955779 -10988.45287077882))"
19,3,177.46132849736023,-39.83126521620363,177.23228344666407,-40.035525162758454,6.138420300099008,10.804749220768437,14.012673562148521,"POLYGON Z ((1939534.089222339 5580279.647826358 -14012.67356214852, 1961136.311838979 5559711.390743146 -10804.74922076844, 1981823.177811487 5581438.184713622 -10804.74922076844, 1960220.955194847 5602006.441796834 -14012.67356214852, 1939534.089222339 5580279.647826358 -14012.67356214852))"
19,4,177.18713350227165,-39.661037309109915,176.96382051361022,-39.86875175299065,10.143589169505043,13.824459385296661,19.107929191618013,"POLYGON Z ((1917201.05527939 5599156.942223813 -19107.92919161801, 1939046.076979616 5579285.3551276 -13824.45938529666, 1959233.199283742 5601477.247635411 -13824.45938529666, 1937388.177583517 5621348.834731624 -19107.92919161801, 1917201.05527939 5599156.942223813 -19107.92919161801))"
19,5,176.91596610746592,-39.489467664767034,176.70150854786797,-39.70242235696389,16.53053749526038,18.856039497291352,27.391829575087755,"POLYGON Z ((1895450.381952879 5617337.995010545 -27391.82957508776, 1917367.904866686 5598716.435541196 -18856.03949729135, 1936792.309471465 5621578.904912412 -18856.03949729135, 1914874.786557658 5640200.464381762 -27391.82957508776, 1895450.381952879 5617337.995010545 -27391.82957508776))"
19,6,176.6540758973321,-39.328878176117065,176.43764366053242,-39.540391166317775,25.458254225517614,27.277440326837635,40.17304106271283,"POLYGON Z ((1874888.001034657 5635265.214071222 -40173.04106271283, 1895427.979652243 5617606.993321383 -27277.44032683763, 1914985.235016148 5640355.922145199 -27277.44032683763, 1894445.256398561 5658014.142895037 -40173.04106271283, 1874888.001034657 5635265.214071222 -40173.04106271283))"
20,0,178.46924894460366,-40.0626408155678,178.2912306449051,-40.29509054228043,6.623733069415093,2.8739678097907437,6.334426280468402,"POLYGON Z ((2025081.160250383 5542660.733124518 -6334.426280468402, 2049812.916105178 5526036.489397013 -2873.967809790744, 2066548.871142779 5550934.437283925 -2873.967809790744, 2041817.115287983 5567558.68101143 -6334.426280468402, 2025081.160250383 5542660.733124518 -6334.426280468402))"
20,1,178.19597517178676,-39.90952979235008,178.00156105435303,-40.13397824188255,5.120733372156791,6.371541144214199,9.049182865572226,"POLYGON Z ((2002307.858225476 5563325.081593991 -9049.182865572226, 2026188.386879125 5545365.38822149 -6371.541144214199, 2044220.047631645 5569341.609994448 -6371.541144214199, 2020339.518977996 5587301.303366949 -9049.182865572226, 2002307.858225476 5563325.081593991 -9049.182865572226))"
20,2,177.92366490804147,-39.76415332966601,177.70062301447933,-39.97204545714817,4.856587937164603,8.87323038320574,11.413089914255048,"POLYGON Z ((1979507.845750689 5585012.718033182 -11413.08991425505, 2001486.632320696 5564752.361311924 -8873.230383205741, 2021819.991307414 5586810.342006385 -8873.230383205741, 1999841.204737408 5607070.698727643 -11413.08991425505, 1979507.845750689 5585012.718033182 -11413.08991425505))"
20,3,177.64964296857937,-39.60803815815154,177.41384562754658,-39.807099425186095,6.706856191040203,11.255918639997903,14.759606104504716,"POLYGON Z ((1956953.418822216 5605521.928467678 -14759.60610450472, 1977890.541724838 5584323.79037228 -11255.9186399979, 1999234.745006871 5605405.179943541 -11255.9186399979, 1978297.622104249 5626603.318038939 -14759.60610450472, 1956953.418822216 5605521.928467678 -14759.60610450472))"
20,4,177.37666876072703,-39.44100806001148,177.1428051099153,-39.64111568158676,10.596689272721372,14.548047609819957,20.06488420768871,"POLYGON Z ((1934627.220569182 5624665.009657331 -20064.88420768871, 1955531.065027308 5603866.120244121 -14548.04760981996, 1976690.813278385 5625132.644500591 -14548.04760981996, 1955786.968820259 5645931.5339138 -20064.88420768871, 1934627.220569182 5624665.009657331 -20064.88420768871))"
20,5,177.1071162997234,-39.272934001921044,176.87744480723828,-39.47563394642881,17.33567742278784,19.775758394990074,28.714838443601117,"POLYGON Z ((1912897.287723298 5643102.431333441 -28714.83844360112, 1933544.504520049 5623258.407385852 -19775.75839499007, 1954332.828903907 5644888.14546359 -19775.75839499007, 1933685.612107155 5664732.169411179 -28714.83844360112, 1912897.287723298 5643102.431333441 -28714.83844360112))"
20,6,176.84681583536175,-39.111739968043715,176.61710722093036,-39.31412312232261,26.942333944525426,28.58042601653317,42.173231174560094,"POLYGON Z ((1892562.196542396 5660634.675721732 -42173.2311745601, 1911863.272037399 5642122.405934586 -28580.42601653317, 1932629.43938707 5663773.417310628 -28580.42601653317, 1913328.363892066 5682285.687097774 -42173.2311745601, 1892562.196542396 5660634.675721732 -42173.2311745601))"
21,0,178.6370928948892,-39.82280291494074,178.45892291128138,-40.05485339854403,6.583009607415804,3.0507916298723314,6.490068801291971,"POLYGON Z ((2041058.127859158 5568584.690669976 -6490.068801291972, 2065720.763846779 5551853.708670097 -3050.791629872331, 2082562.788596828 5576680.029426882 -3050.791629872331, 2057900.152609207 5593411.011426761 -6490.068801291972, 2041058.127859158 5568584.690669976 -6490.068801291972))"
21,1,178.36072948672833,-39.657780648082635,178.18600984145627,-39.89128134922348,5.410169707601077,6.572731272686645,9.401281842332901,"POLYGON Z ((2018546.251688506 5587850.557918873 -9401.281842332901, 2043485.671304117 5571418.131107491 -6572.731272686645, 2059991.628106172 5596469.146856332 -6572.731272686645, 2035052.208490561 5612901.573667714 -9401.281842332901, 2018546.251688506 5587850.557918873 -9401.281842332901))"
21,2,178.0888904115751,-39.50467509542769,177.89646178760424,-39.72959738173328,5.376006616468449,9.217928751431687,12.028670752189061,"POLYGON Z ((1995744.907157587 5608617.723752833 -12028.67075218906, 2019698.630925395 5590776.23146489 -9217.928751431687, 2037618.949561921 5614835.786322895 -9217.928751431687, 2013665.225794113 5632677.278610838 -12028.67075218906, 1995744.907157587 5608617.723752833 -12028.67075218906))"
21,3,177.81681291462004,-39.3481792759237,177.61161373551215,-39.56606380303724,7.328114255135948,11.861531781663253,15.688070851194022,"POLYGON Z ((1973126.936734477 5629013.738496911 -15688.07085119402, 1996207.692397082 5610235.125214974 -11861.53178166325, 2015140.953038202 5633505.957634451 -11861.53178166325, 1992060.197375598 5652284.570916387 -15688.07085119402, 1973126.936734477 5629013.738496911 -15688.07085119402))"
21,4,177.54478642641058,-39.183087720466375,177.33969349717253,-39.400837475051645,11.453181260661628,15.482773460315995,21.439787394584823,"POLYGON Z ((1950877.374156203 5648257.579898154 -21439.78739458482, 1973722.200047471 5629747.368797667 -15482.773460316, 1992608.488345122 5653056.339481462 -15482.773460316, 1969763.662453854 5671566.550581949 -21439.78739458482, 1950877.374156203 5648257.579898154 -21439.78739458482))"
21,5,177.27719110585053,-39.022614849562,177.06654062431667,-39.23692498366638,19.248151293758195,21.13618827725079,31.025993770389512,"POLYGON Z ((1929337.138197479 5667277.575513874 -31025.99377038951, 1951010.931984446 5649044.681882092 -21136.18827725079, 1970323.399140867 5672001.785626515 -21136.18827725079, 1948649.605353899 5690234.679258297 -31025.99377038951, 1929337.138197479 5667277.575513874 -31025.99377038951))"
21,6,177.02345366749964,-38.87350018509385,176.79976798112776,-39.07939407142963,28.81705845015953,31.293017242072246,45.753453806110706,"POLYGON Z ((1909412.39767205 5685382.160558564 -45753.45380611071, 1928710.445524803 5667536.121125394 -31293.01724207224, 1949078.841753013 5689561.752446438 -31293.01724207224, 1929780.79390026 5707407.791879608 -45753.45380611071, 1909412.39767205 5685382.160558564 -45753.45380611071))"
22,0,178.7905948223363,-39.55214004383737,178.66717655614372,-39.80420978962512,6.113276778224173,3.234362792523825,6.429197190840976,"POLYGON Z ((2058103.215627193 5590899.306264789 -6429.197190840976, 2085270.839047632 5578582.112150358 -3234.362792523825, 2097658.478028486 5605905.113458415 -3234.362792523825, 2070490.854608047 5618222.307572845 -6429.197190840976, 2058103.215627193 5590899.306264789 -6429.197190840976))"
22,1,178.50177675155075,-39.36953677333476,178.41702998842726,-39.631004892132104,5.719320624214594,6.079820494336024,9.069479053116876,"POLYGON Z ((2036547.861360163 5608165.564798646 -9069.479053116876, 2065005.244286934 5599152.280233015 -6079.820494336024, 2074063.621254516 5627752.032097554 -6079.820494336024, 2045606.238327745 5636765.316663184 -9069.479053116876, 2036547.861360163 5608165.564798646 -9069.479053116876))"
22,2,178.23481712893926,-39.216046598283604,178.1293162865862,-39.47296481604047,6.210059439216534,8.83897422186918,12.084191145627353,"POLYGON Z ((2013450.546585803 5628835.914486695 -12084.19114562735, 2041298.184590905 5618159.884107638 -8838.974221869179, 2052037.231837016 5646171.896963658 -8838.974221869179, 2024189.593831914 5656847.927342715 -12084.19114562735, 2013450.546585803 5628835.914486695 -12084.19114562735))"
22,3,177.97522162623568,-39.0760147570155,177.82462519716316,-39.31896825073824,8.042961367819021,11.727258677430013,15.92472613491339,"POLYGON Z ((1989970.032361112 5651047.147304651 -15924.72613491339, 2015988.128935014 5636713.971884862 -11727.25867743001, 2030463.69417916 5662990.539599509 -11727.25867743001, 2004445.597605258 5677323.715019299 -15924.72613491339, 1989970.032361112 5651047.147304651 -15924.72613491339))"
22,4,177.71046326581936,-38.92826448352541,177.53172040478162,-39.15927703974243,12.281828124388287,15.554566433910448,21.936181335186024,"POLYGON Z ((1967315.619145682 5672157.562387502 -21936.18133518603, 1991611.653471141 5655757.022539438 -15554.56643391045, 2008396.343001028 5680622.142635373 -15554.56643391045, 1984100.30867557 5697022.682483437 -21936.18133518603, 1967315.619145682 5672157.562387502 -21936.18133518603))"
22,5,177.44579055349064,-38.7757706450026,177.24947307186096,-38.997782147632854,21.505175482904672,21.4125767235256,32.41013479710866,"POLYGON Z ((1945872.759303977 5691817.368019703 -32410.13479710866, 1968051.588803893 5674871.771587833 -21412.5767235256, 1986265.130827902 5698710.120669506 -21412.5767235256, 1964086.301327986 5715655.717101376 -32410.13479710866, 1945872.759303977 5691817.368019703 -32410.13479710866))"
22,6,177.19938376587186,-38.630179130350996,176.99154816728867,-38.8455058547781,31.28335757345219,33.294352845802116,48.87247982973441,"POLYGON Z ((1926706.434808547 5709152.517279041 -48872.47982973441, 1946445.803044256 5692791.609561938 -33294.35284580212, 1965590.106915827 5715889.133872413 -33294.35284580212, 1945850.738680118 5732250.041589516 -48872.47982973441, 1926706.434808547 5709152.517279041 -48872.47982973441))"
23,0,178.86217104677164,-39.232798387449584,178.83450126000537,-39.50142135170448,5.916735562854094,2.92682485294906,6.01931712738112,"POLYGON Z ((2072272.315667761 5615596.475573946 -6019.317127381119, 2101800.798965424 5611294.712485141 -2926.82485294906, 2106125.601358018 5640981.343891636 -2926.82485294906, 2076597.118060355 5645283.10698044 -6019.317127381119, 2072272.315667761 5615596.475573946 -6019.317127381119))"
23,1,178.59781408896043,-39.08010907003665,178.54603629854583,-39.346644334603575,6.328926002574033,5.300423303695377,8.607506370714784,"POLYGON Z ((2048883.968669305 5636322.777835771 -8607.506370714784, 2078036.175426364 5630060.825841261 -5300.423303695376, 2084336.525350913 5659391.792256097 -5300.423303695376, 2055184.318593854 5665653.744250607 -8607.506370714784, 2048883.968669305 5636322.777835771 -8607.506370714784))"
23,2,178.3483301112222,-38.947351989425485,178.2332242817062,-39.20162752902446,7.469801343774372,8.334507794418412,12.234616312097478,"POLYGON Z ((2024566.397445178 5659296.879461744 -12234.61631209748, 2051992.337691347 5647781.370130243 -8334.507794418412, 2063606.409616897 5675442.052213448 -8334.507794418412, 2036180.469370728 5686957.561544949 -12234.61631209748, 2024566.397445178 5659296.879461744 -12234.61631209748))"
23,3,178.0920181966334,-38.81524249339518,177.92084632391868,-39.04949266243577,9.804988631721056,11.945907303448978,17.054766185358613,"POLYGON Z ((2001086.278941432 5682235.350261384 -17054.76618535861, 2025916.476534696 5666192.880114796 -11945.90730344898, 2042196.751436744 5691391.146902687 -11945.90730344898, 2017366.553843479 5707433.617049275 -17054.76618535861, 2001086.278941432 5682235.350261384 -17054.76618535861))"
23,4,177.82836699901154,-38.6711057646135,177.62644484050654,-38.889751175779956,15.258018758593774,16.68384476878176,24.5788318930381,"POLYGON Z ((1978778.602706428 5703419.079529691 -24578.8318930381, 2001325.961212835 5685272.845686509 -16683.84476878176, 2020135.21168973 5708644.026583019 -16683.84476878176, 1997587.853183324 5726790.2604262 -24578.8318930381, 1978778.602706428 5703419.079529691 -24578.8318930381))"
23,5,177.5653950331566,-38.51259342259637,177.35901320838022,-38.728482296296534,25.55482746526115,24.215871099129924,37.157109137773354,"POLYGON Z ((1958136.104770167 5721597.305715667 -37157.10913777335, 1978972.979436588 5704324.523306252 -24215.87109912992, 1998118.735514468 5727420.843883485 -24215.87109912992, 1977281.860848047 5744693.6262929 -37157.10913777335, 1958136.104770167 5721597.305715667 -37157.10913777335))"
23,6,177.32576030429064,-38.36237346956853,177.12404902995235,-38.58079278791003,33.655018272057106,38.12009525731604,54.74582845540551,"POLYGON Z ((1939763.014993791 5737253.670987096 -54745.82845540551, 1959275.766262298 5721670.425703801 -38120.09525731604, 1977996.864959991 5745112.278522024 -38120.09525731604, 1958484.113691485 5760695.523805318 -54745.82845540551, 1939763.014993791 5737253.670987096 -54745.82845540551))"
24,0,178.88373461163604,-38.92050127723918,178.793497418495,-39.180643644882686,6.432035322022192,3.275928957755264,6.636665520980261,"POLYGON Z ((2072346.847899523 5656775.691648832 -6636.665520980261, 2100564.02742024 5647158.195631248 -3275.928957755264, 2110242.444825459 5675554.11499531 -3275.928957755264, 2082025.265304742 5685171.611012894 -6636.665520980261, 2072346.847899523 5656775.691648832 -6636.665520980261))"
24,1,178.62725687856573,-38.785177650623545,178.4848707787642,-39.03072430375829,7.7671965764097886,6.218926191095463,10.27337577887957,"POLYGON Z ((2048613.161575184 5679370.857490222 -10273.37577887957, 2074890.090169611 5665475.37397278 -6218.926191095463, 2088914.239945808 5691995.615733647 -6218.926191095463, 2062637.311351381 5705891.099251089 -10273.37577887957, 2048613.161575184 5679370.857490222 -10273.37577887957))"
24,2,178.36670185740255,-38.64940093235662,178.1793097119979,-38.87564694127409,10.011062083349426,10.263050786886183,15.478200118150548,"POLYGON Z ((2025581.318421408 5701732.493073368 -15478.20011815055, 2049400.217670622 5684255.014536451 -10263.05078688618, 2067147.919008734 5708442.182564419 -10263.05078688618, 2043329.019759521 5725919.661101337 -15478.20011815055, 2025581.318421408 5701732.493073368 -15478.20011815055))"
24,3,178.1018755188033,-38.50454436990222,177.8873009974782,-38.715278176580725,14.41766478242202,15.118571198893127,22.588226135096622,"POLYGON Z ((2003324.874567819 5722811.039341982 -22588.22613509662, 2025003.781807136 5703466.033887262 -15118.57119889313, 2044977.841471152 5725849.888348421 -15118.57119889313, 2023298.934231835 5745194.893803141 -22588.22613509662, 2003324.874567819 5722811.039341982 -22588.22613509662))"
24,4,177.8392365157947,-38.349519637618954,177.61547670459979,-38.55404595390385,23.064189998957282,22.302889833756584,34.05575431417229,"POLYGON Z ((1982284.630860068 5741651.621598402 -34055.75431417229, 2002256.654340689 5722599.36570587 -22302.88983375658, 2022964.130687012 5744306.517139589 -22302.88983375658, 2002992.107206391 5763358.773032121 -34055.75431417229, 1982284.630860068 5741651.621598402 -34055.75431417229))"
24,5,177.59370607770535,-38.197360524528754,177.3704844879525,-38.40201230973521,31.584907182535858,34.618353160086905,50.33119895300892,"POLYGON Z ((1963148.523843837 5758105.724826746 -50331.19895300892, 1981697.86717979 5740526.522942337 -34618.3531600869, 2002334.004683775 5762301.504662573 -34618.3531600869, 1983784.661347823 5779880.706546982 -50331.19895300892, 1963148.523843837 5758105.724826746 -50331.19895300892))"
25,0,179.0935629129431,-38.72571924028641,178.94880578739125,-38.97022694561736,6.614358935412374,2.41109765705235,5.8666805588047595,"POLYGON Z ((2089370.680821201 5683940.106672919 -5866.680558804759, 2115527.873430029 5669662.143875876 -2411.09765705235, 2129901.508146964 5695994.607205844 -2411.09765705235, 2103744.315538134 5710272.570002887 -5866.680558804759, 2089370.680821201 5683940.106672919 -5866.680558804759))"
25,1,178.82585754340712,-38.574783983610324,178.66172377371993,-38.811633185784466,8.372970420230004,5.564384045181894,9.93287358500213,"POLYGON Z ((2066586.846146529 5704645.331358001 -9932.873585002129, 2091728.370686349 5688871.300707779 -5564.384045181894, 2107672.345963994 5714283.692416271 -5564.384045181894, 2082530.821424174 5730057.723066493 -9932.873585002129, 2066586.846146529 5704645.331358001 -9932.873585002129))"
25,2,178.56173741531998,-38.43125420408161,178.3679207188592,-38.65378076682103,11.15249039153191,9.922032182845019,15.724658505206566,"POLYGON Z ((2043963.897891052 5725983.495801168 -15724.65850520657, 2067225.533131901 5707949.476457584 -9922.03218284502, 2085606.664011141 5731658.842277871 -9922.03218284502, 2062345.028770292 5749692.861621455 -15724.65850520657, 2043963.897891052 5725983.495801168 -15724.65850520657))"
25,3,178.29774935825628,-38.285570032337645,178.08002721259683,-38.493817293672876,15.797377786693364,15.462683184767277,23.62976947398297,"POLYGON Z ((2021914.617187408 5746714.988677214 -23629.76947398297, 2043137.065741541 5727146.994939691 -15462.68318476728, 2063473.143924137 5749202.468730823 -15462.68318476728, 2042250.695370005 5768770.462468346 -23629.76947398297, 2021914.617187408 5746714.988677214 -23629.76947398297))"
25,4,178.03648692675236,-38.12577725280109,177.8187167558628,-38.333771657090814,23.964194851482517,23.415624357066008,35.60059454522861,"POLYGON Z ((2001083.844984961 5764707.511309481 -35600.59454522861, 2021261.119609969 5746149.383973444 -23415.62435706601, 2041569.872488298 5768230.021566751 -23415.62435706601, 2021392.597863289 5786788.148902789 -35600.59454522861, 2001083.844984961 5764707.511309481 -35600.59454522861))"
25,5,177.7935818970562,-37.96979196577369,177.5869330356769,-38.184547805259484,30.734061602973345,36.611841955672666,51.94346191864237,"POLYGON Z ((1982102.18799017 5780382.025178022 -51943.46191864237, 2001811.070576726 5763753.694639437 -36611.84195567267, 2021156.492551087 5786683.034983938 -36611.84195567267, 2001447.609964531 5803311.365522522 -51943.46191864237, 1982102.18799017 5780382.025178022 -51943.46191864237))"
26,0,179.14466120684878,-38.416033397335624,179.0066739617737,-38.662705847540245,8.259738352821662,3.1564271033438436,7.466251923018162,"POLYGON Z ((2096468.75582109 5717211.269937451 -7466.251923018162, 2122800.043108433 5703496.725839483 -3156.427103343844, 2136658.339542421 5730104.01093112 -3156.427103343844, 2110327.052255078 5743818.555029089 -7466.251923018162, 2096468.75582109 5717211.269937451 -7466.251923018162))"
26,1,178.88431768448623,-38.27994787787996,178.7032358154324,-38.50870616111166,10.470397315708695,7.058105874053993,12.50993052830041,"POLYGON Z ((2073427.345484609 5739439.824226623 -12509.93052830041, 2097435.782628895 5722297.112835824 -7058.105874053993, 2114868.771928878 5746712.085374549 -7058.105874053993, 2090860.334784593 5763854.796765348 -12509.93052830041, 2073427.345484609 5739439.824226623 -12509.93052830041))"
26,2,178.61675525562927,-38.11752312196269,178.43817786242363,-38.347397927346364,13.811006743376453,12.639935431682803,19.801535787786346,"POLYGON Z ((2051475.821771387 5758297.962444646 -19801.53578778635, 2075361.635615618 5741619.252142641 -12639.9354316828, 2092536.909911906 5766216.202214697 -12639.9354316828, 2068651.096067676 5782894.912516703 -19801.53578778635, 2051475.821771387 5758297.962444646 -19801.53578778635))"
26,3,178.34681672249695,-37.94152178719055,178.19570868397727,-38.183286775638244,18.927591443484555,19.713928968149414,29.445118336317535,"POLYGON Z ((2030493.582234571 5775067.1321023 -29445.11833631753, 2055179.675576653 5761070.677230196 -19713.92896814942, 2069976.188825674 5787167.864735204 -19713.92896814942, 2045290.095483592 5801164.319607308 -29445.11833631753, 2030493.582234571 5775067.1321023 -29445.11833631753))"
26,4,178.07955930020736,-37.76741429096741,177.96408572257695,-38.02116170573287,26.5574407910044,29.275809392396255,42.68865303557389,"POLYGON Z ((2011124.641908244 5790641.674238771 -42688.65303557389, 2035840.63639732 5780191.064600111 -29275.80939239626, 2047523.997350795 5807822.551654391 -29275.80939239626, 2022808.002861719 5818273.161293051 -42688.65303557389, 2011124.641908244 5790641.674238771 -42688.65303557389))"
27,0,179.29046512092737,-38.175893114098876,179.12883983493884,-38.41327088375954,10.681315458894769,2.452764077159488,8.013149142417733,"POLYGON Z ((2110315.748068415 5746158.308039234 -8013.149142417734, 2135295.820532878 5730503.337659311 -2452.764077159488, 2151226.822745316 5755923.864178392 -2452.764077159488, 2126246.750280853 5771578.834558315 -8013.149142417734, 2110315.748068415 5746158.308039234 -8013.149142417734))"
27,1,179.0259507235654,-38.02259267303997,178.8536256610501,-38.255177649774,10.229865370240288,8.254595171238954,13.582526988983144,"POLYGON Z ((2087883.311385243 5766148.944078601 -13582.52698898314, 2112355.818973638 5749635.02525594 -8254.595171238954, 2129136.497405075 5774502.852490758 -8254.595171238954, 2104663.98981668 5791016.771313419 -13582.52698898314, 2087883.311385243 5766148.944078601 -13582.52698898314))"
27,2,178.71642463627873,-37.79467262670655,178.67084402015277,-38.0618015276102,11.55596441659769,12.830307364838268,18.840057175268626,"POLYGON Z ((2068831.13294835 5777827.425609671 -18840.05717526863, 2097662.839235434 5772116.416960463 -12830.30736483827, 2103492.008039775 5801544.648151794 -12830.30736483827, 2074660.30175269 5807255.656801002 -18840.05717526863, 2068831.13294835 5777827.425609671 -18840.05717526863))"
27,3,178.42496262627478,-37.61424778472528,178.42866600307894,-37.8838700410255,18.99827763193258,16.80166594907126,26.567857881534483,"POLYGON Z ((2049215.488524945 5794491.975272204 -26567.85788153448, 2077549.762132321 5793153.90416772 -16801.66594907126, 2078964.919157911 5823120.507755597 -16801.66594907126, 2050630.645550535 5824458.578860081 -26567.85788153448, 2049215.488524945 5794491.975272204 -26567.85788153448))"
27,4,178.1920132984322,-37.48488424541522,178.12995591314808,-37.75004285026277,28.882874553476164,23.956229534285264,38.44685021408914,"POLYGON Z ((2026552.346042543 5815730.68614216 -38446.85021408914, 2052073.103134509 5809508.719430026 -23956.22953428526, 2059178.977042967 5838655.015180893 -23956.22953428526, 2033658.219951001 5844876.981893027 -38446.85021408914, 2026552.346042543 5815730.68614216 -38446.85021408914))"
27,5,177.9826872966893,-37.37443888578358,177.8584355390416,-37.62540057722744,39.17674076899385,38.95726140122231,57.90870125385852,"POLYGON Z ((2007692.55578389 5834285.034120219 -57908.70125385852, 2028850.055504821 5824630.857144903 -38957.26140122231, 2041303.828151746 5851923.778330784 -38957.26140122231, 2020146.328430815 5861577.9553061 -57908.70125385852, 2007692.55578389 5834285.034120219 -57908.70125385852))"
28,0,179.3827367988496,-37.90052502243254,179.20765766812318,-38.13155657798096,11.223568349692934,4.211842950674427,10.050978332772189,"POLYGON Z ((2120140.511349621 5778148.664436824 -10050.97833277219, 2144294.782341089 5761341.651291703 -4211.842950674427, 2161429.493845631 5785966.875385224 -4211.842950674427, 2137275.222854163 5802773.888530345 -10050.97833277219, 2120140.511349621 5778148.664436824 -10050.97833277219))"
28,1,179.09937604727008,-37.702743131496874,178.9905701747075,-37.95800346020855,6.492499033190288,10.213518965984267,13.605713099409934,"POLYGON Z ((2098931.184357411 5793237.018796192 -13605.71309940993, 2126490.520139086 5781880.257363723 -10213.51896598427, 2137920.586388761 5809617.481188901 -10213.51896598427, 2110361.250607086 5820974.242621371 -13605.71309940993, 2098931.184357411 5793237.018796192 -13605.71309940993))"
28,2,178.79647606643118,-37.49998083269614,178.77115888943646,-37.768765512056376,8.076816851690241,11.96278303860371,16.177802082473622,"POLYGON Z ((2079069.1813986 5808168.216686526 -16177.80208247362, 2108495.151351097 5804125.209536573 -11962.78303860371, 2112578.664549037 5833845.992163587 -11962.78303860371, 2083152.694596541 5837888.999313541 -16177.80208247362, 2079069.1813986 5808168.216686526 -16177.80208247362))"
28,3,178.5637999873307,-37.38437446922862,178.43989553791306,-37.635281090140225,19.10850465857807,14.548856463354388,24.36960120930717,"POLYGON Z ((2054422.118291646 5832611.697358476 -24369.60120930717, 2080148.518678619 5820707.694008175 -14548.85646335439, 2092746.676341226 5847934.269692754 -14548.85646335439, 2067020.275954252 5859838.273043055 -24369.60120930717, 2054422.118291646 5832611.697358476 -24369.60120930717))"
28,4,178.32377542150573,-37.25953703965029,178.14943510267457,-37.49057826332732,34.58464152287176,24.782197258764857,41.81088959928591,"POLYGON Z ((2034958.202794748 5852127.465821428 -41810.88959928591, 2055376.051565866 5838230.160732612 -24782.19725876486, 2072256.287590299 5863030.516209085 -24782.19725876486, 2051838.438819181 5876927.821297901 -41810.88959928591, 2034958.202794748 5852127.465821428 -41810.88959928591))"
29,0,179.60307144202469,-37.7009893620928,179.41760160106267,-37.92654393532912,10.311311265861812,3.5651506078089414,8.935044079777606,"POLYGON Z ((2140764.78838807 5800676.459070499 -8935.044079777606, 2164299.521654923 5782864.087691096 -3565.150607808941, 2182404.290117293 5806785.152862278 -3565.150607808941, 2158869.55685044 5824597.524241681 -8935.044079777606, 2140764.78838807 5800676.459070499 -8935.044079777606))"
29,1,179.33434298453588,-37.53147024169826,179.16493161989234,-37.76476744241389,6.4310118569659345,9.362089319262918,12.72229337006252,"POLYGON Z ((2118487.720338066 5818941.968252396 -12722.29337006252, 2143252.133553218 5802345.798006035 -9362.089319262917, 2159953.397504538 5827267.029565256 -9362.089319262917, 2135188.984289386 5843863.199811617 -12722.29337006252, 2118487.720338066 5818941.968252396 -12722.29337006252))"
29,2,179.07037302483494,-37.44930427090202,178.79444797429662,-37.60530404392323,7.527774748262183,11.258683640677072,15.188887354928456,"POLYGON Z ((2096025.776127437 5847447.846656281 -15188.88735492846, 2111675.475912062 5822156.73368323 -11258.68364067707, 2137186.456009379 5837942.483411207 -11258.68364067707, 2121536.756224754 5863233.596384257 -15188.88735492846, 2096025.776127437 5847447.846656281 -15188.88735492846))"
29,3,178.80386272088253,-37.28107518689956,178.53147021755223,-37.44044192698419,19.829338376828396,14.185131048681775,24.361720699030645,"POLYGON Z ((2074229.652657791 5865598.981124325 -24361.72069903064, 2089514.672345738 5841875.46544415 -14185.13104868177, 2114733.482003646 5858123.900428426 -14185.13104868177, 2099448.462315699 5881847.4161086 -24361.72069903064, 2074229.652657791 5865598.981124325 -24361.72069903064))"
29,4,178.55601054419733,-37.10779182622612,178.30257485543433,-37.2855779399794,34.221597940729964,24.45378974423599,41.32564305067583,"POLYGON Z ((2054953.387345347 5879802.522474626 -41325.64305067583, 2070211.637033865 5860244.240790162 -24453.78974423599, 2093865.069816311 5878697.292505428 -24453.78974423599, 2078606.820127793 5898255.574189892 -41325.64305067583, 2054953.387345347 5879802.522474626 -41325.64305067583))"
30,0,179.94909021693786,-37.64512787109515,179.66834564110883,-37.79592058046355,6.958329042602132,2.4776852660270974,6.112108375352389,"POLYGON Z ((2172574.021834898 5821643.367472662 -6112.108375352389, 2187412.969748389 5795824.83549497 -2477.685266027097, 2213423.078554621 5810773.890310844 -2477.685266027097, 2198584.13064113 5836592.422288536 -6112.108375352389, 2172574.021834898 5821643.367472662 -6112.108375352389))"
30,1,179.6801252784,-37.41492792174303,179.48748333862173,-37.636227556196204,8.492380939754828,5.966189695904539,10.396526479335627,"POLYGON Z ((2149559.960065091 5833271.993242132 -10396.52647933563, 2172698.238803003 5814698.028317214 -5966.189695904539, 2191478.115498696 5838092.819004343 -5966.189695904539, 2168339.836760784 5856666.783929261 -10396.52647933563, 2149559.960065091 5833271.993242132 -10396.52647933563))"
30,2,179.41487253819054,-37.31813878825658,179.1411281902822,-37.47584490689644,10.145927878367235,10.441384458506834,15.726059665247158,"POLYGON Z ((2127607.531258882 5859626.694564022 -15726.05966524716, 2143261.025214298 5834585.921114566 -10441.38445850683, 2168699.599688604 5850488.088536499 -10441.38445850683, 2153046.105733188 5875528.861985955 -15726.05966524716, 2127607.531258882 5859626.694564022 -15726.05966524716))"
30,3,179.13091289353065,-37.211431379851874,178.81012527774902,-37.294309930135434,19.304200324526406,15.423307807012353,25.34081524883038,"POLYGON Z ((2108210.93274655 5884056.836235327 -25340.81524883038, 2115198.767054308 5856619.394338735 -15423.30780701235, 2144270.73009204 5864023.512458588 -15423.30780701235, 2137282.895784283 5891460.954355179 -25340.81524883038, 2108210.93274655 5884056.836235327 -25340.81524883038))"
30,4,178.88623965146505,-37.03634553775656,178.57513120515418,-37.13903593688304,31.47381266857069,22.92148469063224,38.58474888777952,"POLYGON Z ((2087061.495240498 5899329.39889012 -38584.74888777952, 2095361.670995667 5875126.72884891 -22921.48469063224, 2123739.287606767 5884858.680116431 -22921.48469063224, 2115439.111851598 5909061.350157641 -38584.74888777952, 2087061.495240498 5899329.39889012 -38584.74888777952))"
30,5,178.67034856494118,-36.87345051674732,178.37773598842992,-37.00585354892223,38.54883954410603,38.126690986003716,56.82213640840418,"POLYGON Z ((2068332.01771911 5912007.998095493 -56822.13640840418, 2078647.906894921 5890935.201627762 -38126.69098600372, 2105592.555763129 5904125.573016354 -38126.69098600372, 2095276.666587318 5925198.369484085 -56822.13640840418, 2068332.01771911 5912007.998095493 -56822.13640840418))"
